motif_id	motif_alt_id	sequence_name	start	stop	strand	score	p-value	q-value	matched_sequence
P53_HUMAN.H11MO.0.A		chr6:31337163-31337526	170	189	-	29.6212	1.95e-12	3.13e-07	GGACATGCCCAGACATGTCC
P53_HUMAN.H11MO.0.A		chr15:62262669-62262930	108	127	-	29.0152	8.62e-12	3.62e-07	GGACATGCCCAGGCATGTCC
P53_HUMAN.H11MO.0.A		chr6:150857167-150857532	180	199	-	29.0152	8.62e-12	3.62e-07	GGACATGCCCAGGCATGTCC
P53_HUMAN.H11MO.0.A		chr9:112144803-112145114	160	179	-	28.9697	8.99e-12	3.62e-07	AGGCATGCCCAGGCATGCCC
P53_HUMAN.H11MO.0.A		chr19:53295151-53295350	116	135	-	28.7727	1.29e-11	4.14e-07	AGACATGCCCAGGCATGTCC
P53_HUMAN.H11MO.0.A		chr4:83171022-83171327	165	184	-	28.5909	1.65e-11	4.43e-07	AGACATGTCCAGGCATGCCC
P53_HUMAN.H11MO.0.A		chr1:182761358-182761723	201	220	-	28.3788	1.99e-11	4.58e-07	GGACTTGCCCAGACATGCCC
P53_HUMAN.H11MO.0.A		chr6:31390554-31390834	122	141	-	28.1364	2.81e-11	4.77e-07	AGACTTGCCCAGACATGCCC
P53_HUMAN.H11MO.0.A		chr6:31487429-31487743	162	181	-	28.1364	2.81e-11	4.77e-07	AGACTTGCCCAGACATGCCC
P53_HUMAN.H11MO.0.A		chr6:118574044-118574291	118	137	+	28.1212	2.96e-11	4.77e-07	agacatgtccagacatgcct
P53_HUMAN.H11MO.0.A		chr15:80003187-80003456	156	175	-	28	3.36e-11	4.92e-07	GGACTTGCCCAGACATGTCC
P53_HUMAN.H11MO.0.A		chr12:48602273-48602501	93	112	+	27.7273	4.83e-11	6.47e-07	tgacatgcccagacatgcct
P53_HUMAN.H11MO.0.A		chr14:71774074-71774282	89	108	+	27.1818	9.99e-11	6.93e-07	tgacttgcccagacatgccc
P53_HUMAN.H11MO.0.A		chr17:62144022-62144287	124	143	+	27.1818	9.99e-11	6.93e-07	tgacttgcccagacatgccc
P53_HUMAN.H11MO.0.A		chr16:25553773-25554059	130	149	-	27.1818	9.99e-11	6.93e-07	TGACTTGCCCAGACATGCCC
P53_HUMAN.H11MO.0.A		chr14:56666313-56666596	150	169	+	27.1818	9.99e-11	6.93e-07	tgacttgcccagacatgccc
P53_HUMAN.H11MO.0.A		chr3:83934498-83934842	156	175	+	27.1818	9.99e-11	6.93e-07	tgacttgcccagacatgccc
P53_HUMAN.H11MO.0.A		chr2:237939904-237940117	142	161	-	27.1818	9.99e-11	6.93e-07	TGACTTGCCCAGACATGCCC
P53_HUMAN.H11MO.0.A		chr7:138164764-138165064	146	165	-	27.1818	9.99e-11	6.93e-07	TGACTTGCCCAGACATGCCC
P53_HUMAN.H11MO.0.A		chr15:73165796-73166094	154	173	-	27.1818	9.99e-11	6.93e-07	TGACTTGCCCAGACATGCCC
P53_HUMAN.H11MO.0.A		chr1:244735436-244735789	179	198	+	27.1818	9.99e-11	6.93e-07	tgacttgcccagacatgccc
P53_HUMAN.H11MO.0.A		chr5:36442310-36442703	197	216	-	27.1818	9.99e-11	6.93e-07	TGACTTGCCCAGACATGCCC
P53_HUMAN.H11MO.0.A		chr6:151524171-151524359	41	60	-	27.1212	1.1e-10	6.93e-07	GGGCTTGCCCAGACATGCCT
P53_HUMAN.H11MO.0.A		chr7:40717324-40717710	167	186	+	27.0758	1.16e-10	6.93e-07	gggcatgcccagacaagccc
P53_HUMAN.H11MO.0.A		chr6:71367810-71368074	114	133	-	27.0758	1.16e-10	6.93e-07	GGGCATGCCCAGACAAGCCC
P53_HUMAN.H11MO.0.A		chr13:48066592-48066895	152	171	-	27.0758	1.16e-10	6.93e-07	GGGCATGCCCAGACAAGCCC
P53_HUMAN.H11MO.0.A		chr5:27472004-27472315	161	180	-	27.0758	1.16e-10	6.93e-07	GGGCATGCCCAGACAAGCCC
P53_HUMAN.H11MO.0.A		chr1:111214486-111214838	153	172	-	27	1.31e-10	7.52e-07	TGGCTTGCCCAGACATGCCC
P53_HUMAN.H11MO.0.A		chr6:31328673-31328933	143	162	-	26.9091	1.46e-10	7.99e-07	AGACATGCCCAAACATGTCC
P53_HUMAN.H11MO.0.A		chr12:19431779-19432209	241	260	-	26.8788	1.55e-10	7.99e-07	AGACATGCCCAGACATGCTT
P53_HUMAN.H11MO.0.A		chr17:39046708-39047039	168	187	+	26.8636	1.56e-10	7.99e-07	gaacatgcccaggcatgtcc
P53_HUMAN.H11MO.0.A		chr11:63791569-63791800	92	111	+	26.8485	1.59e-10	7.99e-07	ggacatgctcaggcatgtcc
P53_HUMAN.H11MO.0.A		chr8:102236679-102237054	161	180	-	26.7424	1.82e-10	8.89e-07	TGACATGCCCAGGCATGTCT
P53_HUMAN.H11MO.0.A		chr5:164119910-164120189	117	136	+	26.697	1.94e-10	8.93e-07	gggcatgcccagacaagtcc
P53_HUMAN.H11MO.0.A		chrX:151543781-151544082	143	162	+	26.697	1.94e-10	8.93e-07	gggcatgcccagacaagtcc
P53_HUMAN.H11MO.0.A		chr11:61999028-61999368	140	159	+	26.6667	2.01e-10	8.99e-07	gggcatgctcaggcatgtcc
P53_HUMAN.H11MO.0.A		chr8:49110483-49110684	120	139	+	26.6212	2.13e-10	9e-07	tgacttgtccagacatgccc
P53_HUMAN.H11MO.0.A		chr21:33367225-33367525	148	167	+	26.6212	2.13e-10	9e-07	tgacatgcccagacatgttc
P53_HUMAN.H11MO.0.A		chr8:123612343-123612700	190	209	-	26.5455	2.32e-10	9.58e-07	AGACAAGCCCAGACATGTCT
P53_HUMAN.H11MO.0.A		chr14:23670553-23670833	132	151	-	26.5	2.49e-10	1e-06	AGGCATGCCCAGACATGTAC
P53_HUMAN.H11MO.0.A		chrX:132878258-132878477	96	115	+	26.4697	2.58e-10	1.01e-06	gggcatgcccaggcaagccc
P53_HUMAN.H11MO.0.A		chr1:187408204-187408571	158	177	-	26.4545	2.65e-10	1.01e-06	AGACTTGCCCAGGCATGCCT
P53_HUMAN.H11MO.0.A		chr10:108039934-108040148	77	96	-	26.3636	2.92e-10	1.09e-06	AGACAAGTCCAGACATGCCT
P53_HUMAN.H11MO.0.A		chr16:65769111-65769360	134	153	-	26.3333	3.02e-10	1.1e-06	AGACTTGCCCAGACATGCTC
P53_HUMAN.H11MO.0.A		chr9:115944093-115944530	208	227	+	26.2879	3.19e-10	1.14e-06	AGGCATGCACAGACATGTCC
P53_HUMAN.H11MO.0.A		chr8:132025299-132025531	78	97	+	26.1364	3.79e-10	1.24e-06	ggacatgtccaggcatgcac
P53_HUMAN.H11MO.0.A		chr5:41122569-41122795	100	119	-	26.1364	3.79e-10	1.24e-06	GGACATGTCCAGGCATGCAC
P53_HUMAN.H11MO.0.A		chr14:34297775-34298138	157	176	+	26.1364	3.79e-10	1.24e-06	ggacatgtccaggcatgcac
P53_HUMAN.H11MO.0.A		chr3:111180-111477	141	160	-	26.1364	3.79e-10	1.24e-06	AGACATGCTCAGACATGTCT
P53_HUMAN.H11MO.0.A		chrX:42976758-42977006	99	118	-	26.1061	3.91e-10	1.26e-06	TGACTTGCCCAGACATGCCT
P53_HUMAN.H11MO.0.A		chr21:45632779-45633093	151	170	+	26.0909	4.01e-10	1.26e-06	agacatgtcctggcatgccc
P53_HUMAN.H11MO.0.A		chr15:49625701-49625960	137	156	-	25.9697	4.56e-10	1.39e-06	AAACATGTCCAGACATGCCT
P53_HUMAN.H11MO.0.A		chr21:33367225-33367525	158	177	+	25.9545	4.67e-10	1.39e-06	agacatgttcagacatgcct
P53_HUMAN.H11MO.0.A		chr6:75272178-75272468	155	174	-	25.9545	4.67e-10	1.39e-06	GGGCTTGTCCAGGCATGCCT
P53_HUMAN.H11MO.0.A		chr14:32345352-32345643	143	162	-	25.8333	5.36e-10	1.57e-06	AGACATGCCCAAACATGTCT
P53_HUMAN.H11MO.0.A		chr2:70596919-70597284	171	190	+	25.7879	5.58e-10	1.6e-06	GAACATGCCCAGGCATGTCT
P53_HUMAN.H11MO.0.A		chr3:146582217-146582410	82	101	+	25.7273	5.99e-10	1.63e-06	tgacttgcccagacatgtct
P53_HUMAN.H11MO.0.A		chr10:127863216-127863493	139	158	+	25.7273	5.99e-10	1.63e-06	tgacttgcccagacatgtct
P53_HUMAN.H11MO.0.A		chr2:163953422-163953700	145	164	-	25.7273	5.99e-10	1.63e-06	TGACTTGCCCAGACATGTCT
P53_HUMAN.H11MO.0.A		chr6:48111103-48111297	95	114	-	25.6364	6.6e-10	1.77e-06	AGGCTTGCCCAGACTTGCCC
P53_HUMAN.H11MO.0.A		chr1:72000827-72001155	161	180	+	25.5909	6.9e-10	1.82e-06	agacttgctcagacatgtcc
P53_HUMAN.H11MO.0.A		chr15:33145605-33145911	122	141	+	25.5606	7.05e-10	1.83e-06	agacatgcccagacaagtct
P53_HUMAN.H11MO.0.A		chr7:33287905-33288175	108	127	+	25.5455	7.21e-10	1.84e-06	tgacttgtccagacatgcct
P53_HUMAN.H11MO.0.A		chr8:144701956-144702187	77	96	-	25.5303	7.34e-10	1.85e-06	GGACGTGCCCAGACATGTCC
P53_HUMAN.H11MO.0.A		chr4:35520118-35520419	131	150	+	25.3939	8.53e-10	2.08e-06	gggcatgcccaggcaagcct
P53_HUMAN.H11MO.0.A		chr10:127863216-127863493	149	168	-	25.3939	8.53e-10	2.08e-06	AGGCATGTTCAGACATGTCT
P53_HUMAN.H11MO.0.A		chr19:6577520-6577730	74	93	-	25.3182	9.26e-10	2.22e-06	GGGCAAGCCCAGACAAGCCC
P53_HUMAN.H11MO.0.A		chr1:181521796-181522141	194	213	+	25.2727	9.7e-10	2.29e-06	TGGCATGTCCAGGCATGTTC
P53_HUMAN.H11MO.0.A		chr16:77991708-77992025	145	164	+	25.2576	9.88e-10	2.3e-06	tgacatgcccaaacatgcct
P53_HUMAN.H11MO.0.A		chr3:153614653-153614973	144	163	-	25.2273	1.02e-09	2.33e-06	TGACATGCCCTGACATGCCT
P53_HUMAN.H11MO.0.A		chr5:4019484-4019728	112	131	+	25.1212	1.14e-09	2.57e-06	GGACATGCCCCAACATGCCC
P53_HUMAN.H11MO.0.A		chr16:67966246-67966450	116	135	-	25.1061	1.15e-09	2.57e-06	AGGCATGTCCAGACCTGCCC
P53_HUMAN.H11MO.0.A		chr17:30040698-30040915	128	147	-	25.0758	1.19e-09	2.63e-06	GGACCTGTCCAGACATGCCT
P53_HUMAN.H11MO.0.A		chr17:39046708-39047039	158	177	-	25.0303	1.25e-09	2.71e-06	GGGCATGTTCAGGCATGTCT
P53_HUMAN.H11MO.0.A		chr12:124938559-124939143	168	187	+	24.9242	1.39e-09	2.97e-06	ggacgtgcccaggcatgtcc
P53_HUMAN.H11MO.0.A		chr6:10718745-10718930	91	110	+	24.8939	1.44e-09	2.97e-06	gggcctgtccagacatgcct
P53_HUMAN.H11MO.0.A		chr6:109882220-109882490	133	152	+	24.8939	1.44e-09	2.97e-06	gggcctgtccagacatgcct
P53_HUMAN.H11MO.0.A		chr2:99040837-99041126	126	145	-	24.8939	1.44e-09	2.97e-06	GGGCCTGTCCAGACATGCCT
P53_HUMAN.H11MO.0.A		chr13:23399397-23399624	70	89	+	24.8788	1.46e-09	2.98e-06	tgacatgcccaaacatgtct
P53_HUMAN.H11MO.0.A		chr9:33560323-33560519	76	95	+	24.7121	1.73e-09	3.48e-06	tggcatgtccaggcaagccc
P53_HUMAN.H11MO.0.A		chr8:8362811-8363136	166	185	-	24.5909	1.95e-09	3.87e-06	CAGCATGCCCAGGCATGTCC
P53_HUMAN.H11MO.0.A		chr6:80536276-80536560	141	160	+	24.5152	2.12e-09	4.16e-06	gggcctgtccagacatgtct
P53_HUMAN.H11MO.0.A		chr15:20789072-20789257	26	45	-	24.3333	2.53e-09	4.85e-06	AGGCTTGCTCAGACATGTCT
P53_HUMAN.H11MO.0.A		chr16:31273793-31274111	133	152	-	24.3333	2.53e-09	4.85e-06	GGACATGCCCAGGCTAGCCC
P53_HUMAN.H11MO.0.A		chr1:199949018-199949302	146	165	-	24.2576	2.73e-09	5.17e-06	GGGCTAGCCCAGACATGTTC
P53_HUMAN.H11MO.0.A		chr3:179070026-179070348	162	181	-	24.2121	2.85e-09	5.33e-06	AAACAAGTCCAGACATGCCT
P53_HUMAN.H11MO.0.A		chrX:94400571-94400884	156	175	+	24.197	2.9e-09	5.36e-06	aggcatgtccagacatgctg
P53_HUMAN.H11MO.0.A		chr1:181134675-181135463	467	486	-	24.1515	3.03e-09	5.42e-06	AGACATGCCCGGGCATGCCT
P53_HUMAN.H11MO.0.A		chr4:41144797-41145133	180	199	-	24.1364	3.08e-09	5.42e-06	AGGCATGTCCCAACATGCCC
P53_HUMAN.H11MO.0.A		chr3:42823398-42823684	144	163	+	24.1212	3.12e-09	5.42e-06	TGGCTTGCCCTGACATGTCC
P53_HUMAN.H11MO.0.A		chr2:177170173-177170554	166	185	-	24.1212	3.12e-09	5.42e-06	AAACATGCCCAGGCATGCTT
P53_HUMAN.H11MO.0.A		chr2:88538394-88538609	89	108	+	24.1061	3.17e-09	5.42e-06	aggcatgcctaggcatgcct
P53_HUMAN.H11MO.0.A		chr2:88538394-88538609	89	108	-	24.1061	3.17e-09	5.42e-06	AGGCATGCCTAGGCATGCCT
P53_HUMAN.H11MO.0.A		chr8:142815598-142816038	233	252	+	24.1061	3.17e-09	5.42e-06	ATGCTTGCCCAGGCATGTCC
P53_HUMAN.H11MO.0.A		chr5:139232333-139232526	63	82	-	24.0152	3.45e-09	5.85e-06	AGACTTGCCCACACATGCCC
P53_HUMAN.H11MO.0.A		chrX:47819032-47819334	127	146	+	23.9848	3.55e-09	5.95e-06	gaacatgtccaggcatgcac
P53_HUMAN.H11MO.0.A		chr7:43577557-43577792	88	107	+	23.9242	3.78e-09	6.26e-06	gggcatgctcaggcaagtcc
P53_HUMAN.H11MO.0.A		chr16:20865805-20866162	143	162	+	23.8636	4e-09	6.49e-06	ATACATGTCCAAACATGCCC
P53_HUMAN.H11MO.0.A		chr2:170221665-170222070	179	198	+	23.8636	4e-09	6.49e-06	gggcatgccccaacatgcct
P53_HUMAN.H11MO.0.A		chr4:33747109-33747344	115	134	-	23.803	4.22e-09	6.79e-06	GTTCATGCCCAGACATGCCC
P53_HUMAN.H11MO.0.A		chr2:131668957-131669234	142	161	+	23.7273	4.56e-09	7.26e-06	aggcttgctcaggcatgtct
P53_HUMAN.H11MO.0.A		chr1:112763149-112763337	111	130	-	23.7121	4.62e-09	7.28e-06	TGACATGCACAGACATGTTC
P53_HUMAN.H11MO.0.A		chr5:58462128-58462448	146	165	+	23.6364	4.95e-09	7.73e-06	GGGCAAGTCCAGGCATGTTT
P53_HUMAN.H11MO.0.A		chr1:181134675-181135463	467	486	+	23.5909	5.17e-09	8e-06	AGGCATGCCCGGGCATGTCT
P53_HUMAN.H11MO.0.A		chr14:66932610-66933015	187	206	+	23.4697	5.77e-09	8.83e-06	aggcaagtctagacatgccc
P53_HUMAN.H11MO.0.A		chr9:82021252-82021577	160	179	+	23.4091	6.11e-09	9.19e-06	aggctagcccaggcatgttc
P53_HUMAN.H11MO.0.A		chr5:37847879-37848243	186	205	-	23.4091	6.11e-09	9.19e-06	AGGCTAGCCCAGGCATGTTC
P53_HUMAN.H11MO.0.A		chr1:116879125-116879533	184	203	-	23.3939	6.19e-09	9.22e-06	GGACAAGTCCAGACCTGTCC
P53_HUMAN.H11MO.0.A		chr7:151688101-151688410	163	182	-	23.3182	6.64e-09	9.8e-06	GAACATGTTCAGACATGCTC
P53_HUMAN.H11MO.0.A		chr14:70011145-70011423	141	160	-	23.303	6.73e-09	9.83e-06	AGACATGTTCAGGCATGTCA
P53_HUMAN.H11MO.0.A		chr8:8362811-8363136	176	195	+	23.2879	6.8e-09	9.86e-06	gggcatgctgagacatgcct
P53_HUMAN.H11MO.0.A		chr1:234618423-234618761	158	177	-	23.2576	7.01e-09	9.97e-06	AGGCATGTCCTGACATGTTT
P53_HUMAN.H11MO.0.A		chr20:47993053-47993429	169	188	-	23.2576	7.01e-09	9.97e-06	TGACTTGCCCGGACATGCCC
P53_HUMAN.H11MO.0.A		chr9:92988177-92988550	158	177	+	23.2121	7.3e-09	1.01e-05	gggcatgcccaggcaagacc
P53_HUMAN.H11MO.0.A		chr9:6087359-6087621	105	124	+	23.197	7.4e-09	1.01e-05	ttacatgcccagacatgcca
P53_HUMAN.H11MO.0.A		chr4:83171022-83171327	107	126	-	23.197	7.4e-09	1.01e-05	GGGCATGTCCAGGCATGTGT
P53_HUMAN.H11MO.0.A		chr7:12557450-12557780	156	175	-	23.197	7.4e-09	1.01e-05	TTACATGCCCAGACATGCCA
P53_HUMAN.H11MO.0.A		chr1:111364720-111365153	225	244	-	23.197	7.4e-09	1.01e-05	TTACATGCCCAGACATGCCA
P53_HUMAN.H11MO.0.A		chr5:173292484-173292696	100	119	+	23.1667	7.62e-09	1.02e-05	aggcaagaccaggcatgtcc
P53_HUMAN.H11MO.0.A		chr15:59165811-59166012	97	116	-	23.1667	7.62e-09	1.02e-05	AGGCATGACCAGACATGCCA
P53_HUMAN.H11MO.0.A		chr5:111494611-111494976	171	190	-	23.1364	7.84e-09	1.04e-05	GGGCATGTTCTGACATGTCT
P53_HUMAN.H11MO.0.A		chr15:71364224-71364434	49	68	-	23.1061	8.03e-09	1.06e-05	AAACTTGTCCAGACTTGCCC
P53_HUMAN.H11MO.0.A		chr1:88801947-88802164	112	131	+	23.0909	8.14e-09	1.06e-05	gggcctgtccagacatgctt
P53_HUMAN.H11MO.0.A		chr1:233179707-233179892	60	79	-	23.0909	8.14e-09	1.06e-05	GGGCCTGTCCAGACATGCTT
P53_HUMAN.H11MO.0.A		chr17:57523991-57524330	134	153	-	23.0758	8.26e-09	1.06e-05	GGGCATGCCCAGGCTAGCCT
P53_HUMAN.H11MO.0.A		chr9:1707374-1707602	96	115	-	23	8.85e-09	1.12e-05	TGGCAAGCCCAGGCATGTTT
P53_HUMAN.H11MO.0.A		chr14:19049922-19050202	147	166	+	22.9848	8.97e-09	1.12e-05	aggcttgcacaggcatgtct
P53_HUMAN.H11MO.0.A		chr22:15772536-15772866	155	174	+	22.9848	8.97e-09	1.12e-05	aggcttgcacaggcatgtct
P53_HUMAN.H11MO.0.A		chr14:19349827-19350091	108	127	-	22.9848	8.97e-09	1.12e-05	AGGCTTGCACAGGCATGTCT
P53_HUMAN.H11MO.0.A		chr2:136375650-136375921	127	146	+	22.9697	9.09e-09	1.12e-05	caacttgtccaggcatgccc
P53_HUMAN.H11MO.0.A		chr17:63182133-63182329	56	75	+	22.8182	1.04e-08	1.27e-05	AGGCATGTAGAGACATGCCC
P53_HUMAN.H11MO.0.A		chr8:29770456-29770872	170	189	-	22.803	1.05e-08	1.28e-05	TGGCATGTCCCAACATGTCC
P53_HUMAN.H11MO.0.A		chr8:8362811-8363136	186	205	-	22.7727	1.08e-08	1.31e-05	TGGCTTGCTCAGGCATGTCT
P53_HUMAN.H11MO.0.A		chr1:9181982-9182332	162	181	+	22.7424	1.11e-08	1.32e-05	GAACAAGCCCAGGCAAGCCC
P53_HUMAN.H11MO.0.A		chr20:10119404-10119617	110	129	-	22.7424	1.11e-08	1.32e-05	AAACATGCCTAGACATGCCT
P53_HUMAN.H11MO.0.A		chr3:195187655-195187940	131	150	-	22.7273	1.12e-08	1.33e-05	AATCATGTCCAGGCATGTCC
P53_HUMAN.H11MO.0.A		chr10:21427798-21428098	143	162	+	22.7121	1.14e-08	1.34e-05	aggcaagcccaggcttgttc
P53_HUMAN.H11MO.0.A		chr1:182643755-182644075	148	167	-	22.697	1.15e-08	1.34e-05	GGGCAAGTCCAGGCAAGTCT
P53_HUMAN.H11MO.0.A		chr3:36932924-36933171	126	145	+	22.6364	1.22e-08	1.4e-05	ttacatgtccagacatgcca
P53_HUMAN.H11MO.0.A		chr1:218601009-218601362	184	203	-	22.6364	1.22e-08	1.4e-05	GGGCAAGTTCAGACTTGTCC
P53_HUMAN.H11MO.0.A		chr6:80536276-80536560	131	150	-	22.6061	1.25e-08	1.43e-05	GGACAGGCCCAGGCAAGTCC
P53_HUMAN.H11MO.0.A		chr19:53295151-53295350	126	145	-	22.5455	1.32e-08	1.49e-05	GGACAGGCCTAGACATGCCC
P53_HUMAN.H11MO.0.A		chr5:57835251-57835590	152	171	+	22.5303	1.34e-08	1.5e-05	GGGCTTGCCCAGGCATGATC
P53_HUMAN.H11MO.0.A		chr11:62222948-62223161	87	106	+	22.5152	1.35e-08	1.51e-05	agacatgtcccaacatgctc
P53_HUMAN.H11MO.0.A		chr14:20752057-20752249	65	84	+	22.4848	1.39e-08	1.53e-05	tgacatgccctgacaagcct
P53_HUMAN.H11MO.0.A		chr13:50529308-50529707	212	231	+	22.4848	1.39e-08	1.53e-05	AGGCTTGTCCGGGCATGTCC
P53_HUMAN.H11MO.0.A		chr3:70854397-70854589	65	84	+	22.3636	1.54e-08	1.67e-05	AGACATGTTCAGTCATGCCC
P53_HUMAN.H11MO.0.A		chr12:126896271-126896459	86	105	+	22.3636	1.54e-08	1.67e-05	ggacatgctgagacatgttc
P53_HUMAN.H11MO.0.A		chr4:76388545-76388744	81	100	+	22.3182	1.6e-08	1.73e-05	cagcatgtccagacatgcac
P53_HUMAN.H11MO.0.A		chr13:113837242-113837706	180	199	-	22.303	1.62e-08	1.74e-05	GGACATGCCCAGGCGTGTCC
P53_HUMAN.H11MO.0.A		chr13:50529308-50529707	212	231	-	22.2576	1.69e-08	1.8e-05	GGACATGCCCGGACAAGCCT
P53_HUMAN.H11MO.0.A		chr14:20752057-20752249	75	94	+	22.1818	1.8e-08	1.89e-05	tgacaagcctagacatgcct
P53_HUMAN.H11MO.0.A		chr3:122394256-122394538	102	121	+	22.1818	1.8e-08	1.89e-05	agacatgccccaacatgcac
P53_HUMAN.H11MO.0.A		chr19:18373687-18374135	260	279	+	22.1667	1.83e-08	1.91e-05	AGACCTGCCCGGACATGTCC
P53_HUMAN.H11MO.0.A		chr11:65421165-65421498	155	174	-	22.1364	1.87e-08	1.94e-05	TGGCAAGCCCAGGCTTGCTC
P53_HUMAN.H11MO.0.A		chr15:80485505-80485708	76	95	-	22.0909	1.95e-08	2.01e-05	CAACCTGCCCAGACATGTCC
P53_HUMAN.H11MO.0.A		chr14:66932610-66933015	187	206	-	22.0758	1.97e-08	2.02e-05	GGGCATGTCTAGACTTGCCT
P53_HUMAN.H11MO.0.A		chr9:84238731-84239107	168	187	-	22.0606	2e-08	2.03e-05	AAACATGTCCAGGCATGTGC
P53_HUMAN.H11MO.0.A		chr6:75272178-75272468	165	184	+	22.0455	2.02e-08	2.05e-05	ggacaagcccaagcaagtcc
P53_HUMAN.H11MO.0.A		chr10:65419298-65419610	134	153	-	22.0303	2.05e-08	2.06e-05	AGACTTGCCTAGACTTGCCC
P53_HUMAN.H11MO.0.A		chr19:6577520-6577730	64	83	-	22	2.1e-08	2.1e-05	AGACAAGCCCAGACAAGACC
P53_HUMAN.H11MO.0.A		chr9:115944093-115944530	198	217	+	21.9697	2.15e-08	2.13e-05	AGACAAGTTCAGGCATGCAC
P53_HUMAN.H11MO.0.A		chr16:83636990-83637217	74	93	-	21.9697	2.15e-08	2.13e-05	GGACATGAACAGACATGTCT
P53_HUMAN.H11MO.0.A		chr10:72298289-72298475	78	97	+	21.9545	2.18e-08	2.13e-05	AGACAAGTCCCAGCATGCCC
P53_HUMAN.H11MO.0.A		chr16:89458521-89458821	106	125	+	21.9545	2.18e-08	2.13e-05	TGGCAAGTTCAGACATGTTC
P53_HUMAN.H11MO.0.A		chr3:140423520-140423874	176	195	+	21.9242	2.24e-08	2.17e-05	ctacatgcccagacatgtca
P53_HUMAN.H11MO.0.A		chr4:52051826-52052083	131	150	-	21.8485	2.38e-08	2.28e-05	GGGCATGTACACACATGTCC
P53_HUMAN.H11MO.0.A		chr4:74886541-74886828	142	161	-	21.8485	2.38e-08	2.28e-05	AAACATGTCCAGACATGTTG
P53_HUMAN.H11MO.0.A		chrX:108122930-108123134	91	110	+	21.803	2.48e-08	2.36e-05	agacatgccccaacatgtac
P53_HUMAN.H11MO.0.A		chr14:63773582-63773834	121	140	+	21.7879	2.51e-08	2.37e-05	aggcatgcaccaacatgccc
P53_HUMAN.H11MO.0.A		chrX:4710640-4710932	161	180	+	21.7424	2.6e-08	2.43e-05	tgacttgcccagacatgcaa
P53_HUMAN.H11MO.0.A		chr2:101704030-101704392	184	203	+	21.7424	2.6e-08	2.43e-05	AGGCATGTTCAGGCTTGTTC
P53_HUMAN.H11MO.0.A		chr14:45785321-45785683	189	208	+	21.7273	2.63e-08	2.45e-05	tgacttgccaagacatgccc
P53_HUMAN.H11MO.0.A		chr7:11082777-11083044	146	165	+	21.697	2.7e-08	2.5e-05	ctacatgcccaggcatgcca
P53_HUMAN.H11MO.0.A		chr6:115070941-115071197	123	142	+	21.6515	2.8e-08	2.58e-05	taacatgcccggacatgcct
P53_HUMAN.H11MO.0.A		chr12:2004513-2004830	137	156	+	21.6364	2.84e-08	2.58e-05	CGACAAGCCCAGGCCTGCCC
P53_HUMAN.H11MO.0.A		chr12:78746162-78746357	91	110	+	21.6212	2.87e-08	2.58e-05	aggcatgccccaacatgtac
P53_HUMAN.H11MO.0.A		chr8:93990933-93991129	102	121	+	21.6212	2.87e-08	2.58e-05	AGACATGCCCAGGCAAACCC
P53_HUMAN.H11MO.0.A		chr4:156771512-156771733	98	117	-	21.6212	2.87e-08	2.58e-05	GGTCATGTTCAGACTTGCCC
P53_HUMAN.H11MO.0.A		chr5:174328688-174329021	179	198	-	21.5455	3.06e-08	2.7e-05	GGACCTGCCCAGACATATCC
P53_HUMAN.H11MO.0.A		chr1:233179707-233179892	70	89	+	21.5303	3.09e-08	2.7e-05	ggacaggcccaggcaagtct
P53_HUMAN.H11MO.0.A		chr1:88801947-88802164	102	121	-	21.5303	3.09e-08	2.7e-05	GGACAGGCCCAGGCAAGTCT
P53_HUMAN.H11MO.0.A		chr2:99040837-99041126	136	155	+	21.5303	3.09e-08	2.7e-05	ggacaggcccaggcaagtct
P53_HUMAN.H11MO.0.A		chr6:109882220-109882490	123	142	-	21.5303	3.09e-08	2.7e-05	GGACAGGCCCAGGCAAGTCT
P53_HUMAN.H11MO.0.A		chr14:68988247-68988500	122	141	+	21.4091	3.42e-08	2.97e-05	agacatgtaccaacatgccc
P53_HUMAN.H11MO.0.A		chr20:10119404-10119617	110	129	+	21.3636	3.54e-08	3.06e-05	aggcatgtctaggcatgttt
P53_HUMAN.H11MO.0.A		chr17:50954263-50954517	157	176	+	21.3333	3.63e-08	3.12e-05	TGACAAGCCCAGACATGCAG
P53_HUMAN.H11MO.0.A		chr15:62262669-62262930	108	127	+	21.303	3.71e-08	3.13e-05	ggacatgcctgggcatgtcc
P53_HUMAN.H11MO.0.A		chr6:150857167-150857532	180	199	+	21.303	3.71e-08	3.13e-05	ggacatgcctgggcatgtcc
P53_HUMAN.H11MO.0.A		chr8:142815598-142816038	243	262	+	21.303	3.71e-08	3.13e-05	AGGCATGTCCAGGCTGGTCC
P53_HUMAN.H11MO.0.A		chr10:131094670-131095003	156	175	-	21.2879	3.76e-08	3.13e-05	GAACAAGCCCAGGCAAGTCT
P53_HUMAN.H11MO.0.A		chr9:92147271-92147622	175	194	-	21.2879	3.76e-08	3.13e-05	GAACAAGCCCAGGCAAGTCT
P53_HUMAN.H11MO.0.A		chr8:123844772-123845153	188	207	-	21.2879	3.76e-08	3.13e-05	AAACATGTCCTGACATGTTT
P53_HUMAN.H11MO.0.A		chr12:122946833-122947058	109	128	+	21.2727	3.81e-08	3.16e-05	GAGCATGCACTGGCATGTCC
P53_HUMAN.H11MO.0.A		chr1:121281672-121281857	67	86	+	21.2576	3.85e-08	3.16e-05	GGGCAAGTCCAAACTTGTCT
P53_HUMAN.H11MO.0.A		chr1:206300088-206300316	127	146	+	21.2576	3.85e-08	3.16e-05	GGGCAAGTCCAAACTTGTCT
P53_HUMAN.H11MO.0.A		chr8:8407354-8407570	105	124	+	21.2424	3.9e-08	3.18e-05	ACACATGTCCAGGCATGTTT
P53_HUMAN.H11MO.0.A		chr13:98659729-98659914	63	82	+	21.2273	3.95e-08	3.21e-05	aggcatgtaccaacatgccc
P53_HUMAN.H11MO.0.A		chr17:80694108-80694472	183	202	-	21.2121	4e-08	3.23e-05	GGCCATGCCCGGGCATGCCT
P53_HUMAN.H11MO.0.A		chr9:114908379-114908731	169	188	+	21.197	4.04e-08	3.25e-05	GTGCAAGCCCAGGCTTGCCT
P53_HUMAN.H11MO.0.A		chr17:80694108-80694472	183	202	+	21.1212	4.29e-08	3.43e-05	AGGCATGCCCGGGCATGGCC
P53_HUMAN.H11MO.0.A		chr6:22442965-22443212	124	143	+	21.1061	4.34e-08	3.46e-05	gaacatgcccaggctagcct
P53_HUMAN.H11MO.0.A		chr10:87843131-87843385	135	154	-	21.0455	4.56e-08	3.61e-05	AGACATGCCTAGACAAGTTC
P53_HUMAN.H11MO.0.A		chr5:174328688-174329021	158	177	-	21.0152	4.67e-08	3.68e-05	AAACAGGCCCAGGCTTGCCC
P53_HUMAN.H11MO.0.A		chr15:92949970-92950237	146	165	-	20.8182	5.45e-08	4.27e-05	TAACCTGCTCAGACATGTCC
P53_HUMAN.H11MO.0.A		chr6:81759949-81760134	91	110	-	20.7879	5.58e-08	4.35e-05	AGACATGTCCAGACTTGTAG
P53_HUMAN.H11MO.0.A		chr1:202056607-202056920	144	163	-	20.7727	5.64e-08	4.38e-05	GGGCTTGTCCATACTTGCCC
P53_HUMAN.H11MO.0.A		chr6:31337163-31337526	170	189	+	20.7424	5.77e-08	4.46e-05	ggacatgtctgggcatgtcc
P53_HUMAN.H11MO.0.A		chr17:28282727-28282964	84	103	+	20.7121	5.92e-08	4.51e-05	aggcatgcaccaacatgcct
P53_HUMAN.H11MO.0.A		chr6:20866812-20867036	66	85	-	20.7121	5.92e-08	4.51e-05	AAACATGTCCAAGCATGTTT
P53_HUMAN.H11MO.0.A		chr11:28521175-28521379	110	129	-	20.7121	5.92e-08	4.51e-05	GGACAGGCCCTGACATGTCA
P53_HUMAN.H11MO.0.A		chr4:83171022-83171327	165	184	+	20.6515	6.2e-08	4.68e-05	gggcatgcctggacatgtct
P53_HUMAN.H11MO.0.A		chr9:79026329-79026576	158	177	-	20.6515	6.2e-08	4.68e-05	AGACATGCCCTTGCATGTCT
P53_HUMAN.H11MO.0.A		chr19:53295151-53295350	126	145	+	20.5758	6.57e-08	4.92e-05	gggcatgtctaggcctgtcc
P53_HUMAN.H11MO.0.A		chr9:121322355-121322730	171	190	+	20.5758	6.57e-08	4.92e-05	gaacatgcagagacatgcct
P53_HUMAN.H11MO.0.A		chr15:52663684-52663885	77	96	-	20.5	6.96e-08	5.18e-05	GGGCTTGTTGAGGCATGCCT
P53_HUMAN.H11MO.0.A		chr21:40130679-40130864	78	97	+	20.4848	7.05e-08	5.22e-05	GAACAAGCACAGACTTGTCC
P53_HUMAN.H11MO.0.A		chr19:46133423-46133750	152	171	+	20.4545	7.21e-08	5.32e-05	gggcctgttcaggcatgcca
P53_HUMAN.H11MO.0.A		chr5:43007612-43007814	96	115	+	20.4394	7.3e-08	5.36e-05	ggacttgcctaagcatgcct
P53_HUMAN.H11MO.0.A		chr9:112144803-112145114	160	179	+	20.4242	7.38e-08	5.39e-05	gggcatgcctgggcatgcct
P53_HUMAN.H11MO.0.A		chr14:103244085-103244370	135	154	+	20.303	8.1e-08	5.89e-05	tagcaagttcaggcatgcct
P53_HUMAN.H11MO.0.A		chr19:53295151-53295350	116	135	+	20.2273	8.57e-08	6.15e-05	ggacatgcctgggcatgtct
P53_HUMAN.H11MO.0.A		chr6:37244846-37245132	131	150	+	20.2273	8.57e-08	6.15e-05	aggctagcctagacatgttc
P53_HUMAN.H11MO.0.A		chr16:4140681-4141056	190	209	+	20.2273	8.57e-08	6.15e-05	GAACATGCCCAGGCATGCGG
P53_HUMAN.H11MO.0.A		chr5:28855742-28855927	87	106	-	20.197	8.77e-08	6.27e-05	AAACAAGTACAGACATGTTC
P53_HUMAN.H11MO.0.A		chr12:124273626-124273927	161	180	-	20.1818	8.87e-08	6.31e-05	GAACTTGCCCAGGCTAGTCC
P53_HUMAN.H11MO.0.A		chr2:119218359-119218658	128	147	-	20.1515	9.08e-08	6.43e-05	GGATATGTTCTGGCATGCCC
P53_HUMAN.H11MO.0.A		chr19:41860283-41860559	142	161	+	20.1364	9.18e-08	6.47e-05	CGGCAGGCCCGGACATGCCC
P53_HUMAN.H11MO.0.A		chr5:139232333-139232526	14	33	-	20.1061	9.39e-08	6.6e-05	AGACTTGCCCACACCTGCCC
P53_HUMAN.H11MO.0.A		chrX:66638547-66638910	166	185	+	20.0606	9.72e-08	6.79e-05	GGACACGTCCAGGCATGTTC
P53_HUMAN.H11MO.0.A		chr4:122798233-122798545	160	179	-	20.0455	9.83e-08	6.84e-05	CTGCAAGTCCTGACATGCCC
P53_HUMAN.H11MO.0.A		chr15:49625701-49625960	147	166	-	19.9848	1.03e-07	7.13e-05	TGACATGGCCAAACATGTCC
P53_HUMAN.H11MO.0.A		chr15:62262669-62262930	118	137	+	19.9394	1.06e-07	7.2e-05	gggcatgtccaagcatatct
P53_HUMAN.H11MO.0.A		chr9:95937199-95937464	123	142	+	19.9394	1.06e-07	7.2e-05	gggcatgtagagacatgtca
P53_HUMAN.H11MO.0.A		chr14_GL000009v2_random:43140-43327	80	99	+	19.9091	1.09e-07	7.2e-05	gggcatgtccaggcaagaca
P53_HUMAN.H11MO.0.A		chrUn_KI270742v1:53206-53416	93	112	+	19.9091	1.09e-07	7.2e-05	gggcatgtccaggcaagaca
P53_HUMAN.H11MO.0.A		chr3_GL000221v1_random:22736-22930	119	138	+	19.9091	1.09e-07	7.2e-05	gggcatgtccaggcaagaca
P53_HUMAN.H11MO.0.A		chrUn_KI270751v1:44736-45079	161	180	+	19.9091	1.09e-07	7.2e-05	gggcatgtccaggcaagaca
P53_HUMAN.H11MO.0.A		chr4_GL000008v2_random:170285-170491	105	124	-	19.9091	1.09e-07	7.2e-05	GGGCATGTCCAGGCAAGACA
P53_HUMAN.H11MO.0.A		chr4:49494951-49495165	116	135	-	19.9091	1.09e-07	7.2e-05	GGGCATGTCCAGGCAAGACA
P53_HUMAN.H11MO.0.A		chr10:45438433-45438622	123	142	-	19.9091	1.09e-07	7.2e-05	TGACATGTCCCCACATGCTC
P53_HUMAN.H11MO.0.A		chrUn_GL000214v1:59128-59492	169	188	-	19.9091	1.09e-07	7.2e-05	GGGCATGTCCAGGCAAGACA
P53_HUMAN.H11MO.0.A		chrUn_KI270744v1:6002-6376	187	206	-	19.9091	1.09e-07	7.2e-05	GGGCATGTCCAGGCAAGACA
P53_HUMAN.H11MO.0.A		chr5:43007612-43007814	96	115	-	19.8939	1.1e-07	7.22e-05	AGGCATGCTTAGGCAAGTCC
P53_HUMAN.H11MO.0.A		chrX:154526815-154527017	91	110	+	19.8788	1.11e-07	7.22e-05	aggcatgtgccaacatgccc
P53_HUMAN.H11MO.0.A		chr9:6864473-6864755	137	156	+	19.8788	1.11e-07	7.22e-05	aggcatgtgccaacatgccc
P53_HUMAN.H11MO.0.A		chrX:132878258-132878477	96	115	-	19.8788	1.11e-07	7.22e-05	GGGCTTGCCTGGGCATGCCC
P53_HUMAN.H11MO.0.A		chr6:36608196-36608411	101	120	-	19.8788	1.11e-07	7.22e-05	AGGCATGTGCCAACATGCCC
P53_HUMAN.H11MO.0.A		chr6:118574044-118574291	118	137	-	19.8485	1.14e-07	7.35e-05	AGGCATGTCTGGACATGTCT
P53_HUMAN.H11MO.0.A		chr19:18364740-18365201	247	266	+	19.8333	1.15e-07	7.4e-05	CTGCATGTCCCGGCATGTCT
P53_HUMAN.H11MO.0.A		chr10:87843131-87843385	135	154	+	19.8182	1.16e-07	7.45e-05	gaacttgtctaggcatgtct
P53_HUMAN.H11MO.0.A		chr8:106608584-106608783	115	134	+	19.7879	1.19e-07	7.59e-05	TGACAGGCCCAAACATGCTT
P53_HUMAN.H11MO.0.A		chr19:9039771-9040002	101	120	-	19.7727	1.2e-07	7.65e-05	AGACAAGTCCAAACATGTTG
P53_HUMAN.H11MO.0.A		chr8:8362811-8363136	176	195	-	19.7424	1.23e-07	7.79e-05	AGGCATGTCTCAGCATGCCC
P53_HUMAN.H11MO.0.A		chr21:13923263-13923462	97	116	-	19.6667	1.3e-07	8.2e-05	AGGCATGTCCAGGCAAGACA
P53_HUMAN.H11MO.0.A		chr17:15963839-15964036	95	114	-	19.6364	1.33e-07	8.29e-05	CAGCAAGTTCAGACATGTCT
P53_HUMAN.H11MO.0.A		chr6:149336640-149336911	136	155	+	19.6364	1.33e-07	8.29e-05	GAACATGTTCAGACAGGCCT
P53_HUMAN.H11MO.0.A		chr4:35520118-35520419	131	150	-	19.6364	1.33e-07	8.29e-05	AGGCTTGCCTGGGCATGCCC
P53_HUMAN.H11MO.0.A		chr17:39046708-39047039	158	177	+	19.5758	1.39e-07	8.63e-05	agacatgcctgaacatgccc
P53_HUMAN.H11MO.0.A		chr17:60529934-60530163	90	109	+	19.5606	1.41e-07	8.66e-05	ggacaagtacaaacaagccc
P53_HUMAN.H11MO.0.A		chr6:115070941-115071197	123	142	-	19.5606	1.41e-07	8.66e-05	AGGCATGTCCGGGCATGTTA
P53_HUMAN.H11MO.0.A		chr5:164119910-164120189	117	136	-	19.5	1.47e-07	8.94e-05	GGACTTGTCTGGGCATGCCC
P53_HUMAN.H11MO.0.A		chrX:151543781-151544082	143	162	-	19.5	1.47e-07	8.94e-05	GGACTTGTCTGGGCATGCCC
P53_HUMAN.H11MO.0.A		chr17:39046708-39047039	168	187	-	19.5	1.47e-07	8.94e-05	GGACATGCCTGGGCATGTTC
P53_HUMAN.H11MO.0.A		chr20:10733281-10733494	95	114	+	19.4848	1.48e-07	9.01e-05	aggctagcccgggcatgttc
P53_HUMAN.H11MO.0.A		chr7:2170027-2170356	107	126	-	19.4242	1.55e-07	9.38e-05	GGACAAGCCCTGGCATGCAG
P53_HUMAN.H11MO.0.A		chr8:98259552-98259803	149	168	+	19.3485	1.64e-07	9.87e-05	gaacaagcccaggctagcct
P53_HUMAN.H11MO.0.A		chr6:71367810-71368074	114	133	+	19.3182	1.67e-07	9.94e-05	gggcttgtctgggcatgccc
P53_HUMAN.H11MO.0.A		chr13:48066592-48066895	152	171	+	19.3182	1.67e-07	9.94e-05	gggcttgtctgggcatgccc
P53_HUMAN.H11MO.0.A		chr5:27472004-27472315	161	180	+	19.3182	1.67e-07	9.94e-05	gggcttgtctgggcatgccc
P53_HUMAN.H11MO.0.A		chr7:40717324-40717710	167	186	-	19.3182	1.67e-07	9.94e-05	GGGCTTGTCTGGGCATGCCC
P53_HUMAN.H11MO.0.A		chr17:30040698-30040915	138	157	+	19.303	1.69e-07	0.0001	ggacaggtccaggcaggtct
P53_HUMAN.H11MO.0.A		chr7:152989919-152990125	101	120	+	19.2727	1.73e-07	0.000102	ttacatgcccggacatgcca
P53_HUMAN.H11MO.0.A		chr3:159829583-159829907	133	152	-	19.2727	1.73e-07	0.000102	GGGCATGCACAGGCATGAAT
P53_HUMAN.H11MO.0.A		chr6:108897476-108897675	109	128	-	19.2576	1.75e-07	0.000102	CAGCAAGTCCAGGCTTGCCT
P53_HUMAN.H11MO.0.A		chr2:70596919-70597284	171	190	-	19.2576	1.75e-07	0.000102	AGACATGCCTGGGCATGTTC
P53_HUMAN.H11MO.0.A		chr11:61999028-61999368	140	159	-	19.2121	1.81e-07	0.000105	GGACATGCCTGAGCATGCCC
P53_HUMAN.H11MO.0.A		chr16:59988716-59988930	100	119	-	19.197	1.83e-07	0.000105	GGGCTTGTCTAAACATGTTC
P53_HUMAN.H11MO.0.A		chr6:94144895-94145167	134	153	+	19.197	1.83e-07	0.000105	atacatgttgaggcatgcct
P53_HUMAN.H11MO.0.A		chr14:20752057-20752249	75	94	-	19.1818	1.85e-07	0.000106	AGGCATGTCTAGGCTTGTCA
P53_HUMAN.H11MO.0.A		chr9:81592255-81592537	127	146	+	19.1515	1.89e-07	0.000108	GAACATGTCCCAACATGTTT
P53_HUMAN.H11MO.0.A		chr8:19041564-19041905	156	175	+	19.1515	1.89e-07	0.000108	GGATGTGTCCAGACATGTTC
P53_HUMAN.H11MO.0.A		chr12:92784548-92784771	99	118	+	19.1364	1.91e-07	0.000108	GAACATGCCAAGACATGTTT
P53_HUMAN.H11MO.0.A		chr6:75272178-75272468	155	174	+	19.1212	1.93e-07	0.000109	aggcatgcctggacaagccc
P53_HUMAN.H11MO.0.A		chrX:66638547-66638910	16	35	+	19.0909	1.97e-07	0.000111	ACACAAGCCCTGACTTGCCC
P53_HUMAN.H11MO.0.A		chr15:24858817-24859004	88	107	+	19.0909	1.97e-07	0.000111	ttgcatgcccggacatgcca
P53_HUMAN.H11MO.0.A		chr6:31337163-31337526	180	199	+	19.0758	1.99e-07	0.000111	gggcatgtccaggcagatcc
P53_HUMAN.H11MO.0.A		chr6:10718745-10718930	81	100	-	19.0606	2.01e-07	0.000112	GGACAGGCCCAAGCAAGTCT
P53_HUMAN.H11MO.0.A		chr19:18373687-18374135	260	279	-	19.0455	2.03e-07	0.000113	GGACATGTCCGGGCAGGTCT
P53_HUMAN.H11MO.0.A		chr13:23399397-23399624	60	79	+	19.0303	2.06e-07	0.000113	tgccgtgccctgacatgccc
P53_HUMAN.H11MO.0.A		chr16:77991708-77992025	135	154	+	19.0303	2.06e-07	0.000113	tgccgtgccctgacatgccc
P53_HUMAN.H11MO.0.A		chr6:31328673-31328933	153	172	-	19.0303	2.06e-07	0.000113	GGATCTGACCAGACATGCCC
P53_HUMAN.H11MO.0.A		chr2:170221665-170222070	179	198	-	19.0303	2.06e-07	0.000113	AGGCATGTTGGGGCATGCCC
P53_HUMAN.H11MO.0.A		chr21:45632779-45633093	151	170	-	18.9848	2.12e-07	0.000116	GGGCATGCCAGGACATGTCT
P53_HUMAN.H11MO.0.A		chr10:65419298-65419610	134	153	+	18.9091	2.24e-07	0.000122	GGGCAAGTCTAGGCAAGTCT
P53_HUMAN.H11MO.0.A		chr11:119696451-119696717	100	119	+	18.8939	2.26e-07	0.000122	TGCCCTGTCCTGACATGTCC
P53_HUMAN.H11MO.0.A		chr5:4019484-4019728	112	131	-	18.8939	2.26e-07	0.000122	GGGCATGTTGGGGCATGTCC
P53_HUMAN.H11MO.0.A		chr17:69607156-69607614	213	232	-	18.8788	2.29e-07	0.000123	GGGCATGTTCTGACATGCAG
P53_HUMAN.H11MO.0.A		chr8:132025299-132025531	78	97	-	18.8636	2.31e-07	0.000123	GTGCATGCCTGGACATGTCC
P53_HUMAN.H11MO.0.A		chr5:41122569-41122795	100	119	+	18.8636	2.31e-07	0.000123	gtgcatgcctggacatgtcc
P53_HUMAN.H11MO.0.A		chr20:47993053-47993429	169	188	+	18.8636	2.31e-07	0.000123	gggcatgtccgggcaagtca
P53_HUMAN.H11MO.0.A		chr14:34297775-34298138	157	176	-	18.8636	2.31e-07	0.000123	GTGCATGCCTGGACATGTCC
P53_HUMAN.H11MO.0.A		chr10:47396327-47396586	91	110	-	18.8485	2.33e-07	0.000124	GGACATGCCCAGGCAAGATA
P53_HUMAN.H11MO.0.A		chr11:63791569-63791800	92	111	-	18.8333	2.36e-07	0.000125	GGACATGCCTGAGCATGTCC
P53_HUMAN.H11MO.0.A		chr4:41144797-41145133	180	199	+	18.803	2.41e-07	0.000127	gggcatgttgggacatgcct
P53_HUMAN.H11MO.0.A		chr9:34072485-34072705	105	124	+	18.697	2.59e-07	0.000136	CTGCAGGCCCTGACATGCCC
P53_HUMAN.H11MO.0.A		chr20:31678652-31678917	119	138	+	18.697	2.59e-07	0.000136	CAACTAGTCCAGACAAGTCC
P53_HUMAN.H11MO.0.A		chr9:107738091-107738373	155	174	+	18.6061	2.76e-07	0.000144	AGGCATGCCCAGGCAGGAAC
P53_HUMAN.H11MO.0.A		chr16:59988716-59988930	100	119	+	18.5909	2.79e-07	0.000145	gaacatgtttagacaagccc
P53_HUMAN.H11MO.0.A		chr1:41482274-41482583	136	155	-	18.5758	2.82e-07	0.000146	CTGCAAGCCCGGGCATGCCC
P53_HUMAN.H11MO.0.A		chr17:39046708-39047039	148	167	+	18.4848	3.01e-07	0.000155	aagtctgtccagacatgcct
P53_HUMAN.H11MO.0.A		chr6:44685279-44685510	129	148	+	18.3939	3.2e-07	0.000165	aaacacgtccaggcatgtct
P53_HUMAN.H11MO.0.A		chr14:103244085-103244370	145	164	-	18.3636	3.26e-07	0.000168	GAATATGCCTAGGCATGCCT
P53_HUMAN.H11MO.0.A		chr10:88260823-88261042	68	87	+	18.3485	3.3e-07	0.000169	GAACATGTGCTGACATGTTC
P53_HUMAN.H11MO.0.A		chr8:102236679-102237054	161	180	+	18.3182	3.37e-07	0.000172	AGACATGCCTGGGCATGTCA
P53_HUMAN.H11MO.0.A		chr14:39023820-39024081	98	117	-	18.2424	3.55e-07	0.00018	AAACATGTTTAAACATGTCC
P53_HUMAN.H11MO.0.A		chr15:63157071-63157480	164	183	-	18.2424	3.55e-07	0.00018	GGGCATGTAGTGACTTGCCC
P53_HUMAN.H11MO.0.A		chr14:103244085-103244370	145	164	+	18.2121	3.62e-07	0.000183	aggcatgcctaggcatattc
P53_HUMAN.H11MO.0.A		chr10:123538969-123539180	76	95	+	18.1667	3.73e-07	0.000188	AAACATGCCCAGGCAAGTAG
P53_HUMAN.H11MO.0.A		chr15:52663684-52663885	77	96	+	18.1667	3.73e-07	0.000188	aggcatgcctcaacaagccc
P53_HUMAN.H11MO.0.A		chr1:182643755-182644075	148	167	+	18.1061	3.89e-07	0.000195	AGACTTGCCTGGACTTGCCC
P53_HUMAN.H11MO.0.A		chr15:24858817-24859004	88	107	-	18.0909	3.93e-07	0.000196	TGGCATGTCCGGGCATGCAA
P53_HUMAN.H11MO.0.A		chr15:49625701-49625960	137	156	+	18.0455	4.05e-07	0.000201	aggcatgtctggacatgttt
P53_HUMAN.H11MO.0.A		chr15:80003187-80003456	146	165	-	18.0455	4.05e-07	0.000201	AGACATGTCCGAACACGCCT
P53_HUMAN.H11MO.0.A		chr19:19776608-19776799	40	59	+	18	4.18e-07	0.000205	TTACATGTCCTAGCATGCTC
P53_HUMAN.H11MO.0.A		chr16:85365369-85365588	110	129	+	18	4.18e-07	0.000205	GGGCAAGTACAGACAGGTTC
P53_HUMAN.H11MO.0.A		chr15:80003187-80003456	156	175	+	18	4.18e-07	0.000205	ggacatgtctgggcaagtcc
P53_HUMAN.H11MO.0.A		chr2:56379122-56379354	113	132	+	17.9848	4.22e-07	0.000207	GAACATGTCCAGGCAAGAAC
P53_HUMAN.H11MO.0.A		chr2:37654155-37654344	111	130	+	17.9697	4.26e-07	0.000208	gaacatgtccccgcatgttc
P53_HUMAN.H11MO.0.A		chr12:92784548-92784771	99	118	-	17.9697	4.26e-07	0.000208	AAACATGTCTTGGCATGTTC
P53_HUMAN.H11MO.0.A		chr6:151524171-151524359	41	60	+	17.9545	4.31e-07	0.000209	aggcatgtctgggcaagccc
P53_HUMAN.H11MO.0.A		chr4:83171022-83171327	107	126	+	17.9545	4.31e-07	0.000209	acacatgcctggaCAtgccc
P53_HUMAN.H11MO.0.A		chr10:127863216-127863493	149	168	+	17.9394	4.35e-07	0.000209	agacatgtctgaacatgcct
P53_HUMAN.H11MO.0.A		chr9:92800321-92800651	166	185	+	17.9394	4.35e-07	0.000209	GGACATGCCCAGGCAAAGCC
P53_HUMAN.H11MO.0.A		chr22:30245746-30246037	121	140	+	17.9091	4.44e-07	0.000213	GGAGCTGTCCCGACATGTCC
P53_HUMAN.H11MO.0.A		chr14:50600228-50600568	164	183	-	17.8939	4.48e-07	0.000215	TTACAAGTCCAAACATGTTT
P53_HUMAN.H11MO.0.A		chr17:57523991-57524330	134	153	+	17.8788	4.53e-07	0.000216	aggctagcctgggcatgccc
P53_HUMAN.H11MO.0.A		chr1:223708128-223708394	133	152	+	17.8182	4.72e-07	0.000224	CAGCATGCCCAGACTTGCAA
P53_HUMAN.H11MO.0.A		chr1:182761358-182761723	201	220	+	17.8182	4.72e-07	0.000224	gggcatgtctgggcaagtcc
P53_HUMAN.H11MO.0.A		chr15:33145605-33145911	122	141	-	17.803	4.76e-07	0.000225	AGACTTGTCTGGGCATGTCT
P53_HUMAN.H11MO.0.A		chr19:41860283-41860559	142	161	-	17.803	4.76e-07	0.000225	GGGCATGTCCGGGCCTGCCG
P53_HUMAN.H11MO.0.A		chr14:39023820-39024081	98	117	+	17.7576	4.91e-07	0.00023	GGACATGTTTAAACATGTTT
P53_HUMAN.H11MO.0.A		chr4:89681184-89681562	182	201	-	17.7576	4.91e-07	0.00023	GGGCATGCCCAGGCAAAGCC
P53_HUMAN.H11MO.0.A		chr9:33560323-33560519	76	95	-	17.7424	4.96e-07	0.00023	GGGCTTGCCTGGACATGCCA
P53_HUMAN.H11MO.0.A		chr1:115839313-115839553	101	120	-	17.7424	4.96e-07	0.00023	CGACATGCCCGGACTTGGCC
P53_HUMAN.H11MO.0.A		chr16:31273793-31274111	133	152	+	17.7424	4.96e-07	0.00023	gggctagcctgggcatgtcc
P53_HUMAN.H11MO.0.A		chr7:152989919-152990125	101	120	-	17.7121	5.06e-07	0.000234	TGGCATGTCCGGGCATGTAA
P53_HUMAN.H11MO.0.A		chr19:48955071-48955339	142	161	-	17.7121	5.06e-07	0.000234	CGACAAGCCCGGGCCTGCCC
P53_HUMAN.H11MO.0.A		chr12:126896271-126896459	86	105	-	17.6364	5.32e-07	0.000244	GAACATGTCTCAGCATGTCC
P53_HUMAN.H11MO.0.A		chr3:153160651-153160924	139	158	-	17.6364	5.32e-07	0.000244	GGAGATGCCCCGACTTGTTC
P53_HUMAN.H11MO.0.A		chr12:124938559-124939143	168	187	-	17.6212	5.37e-07	0.000246	GGACATGCCTGGGCACGTCC
P53_HUMAN.H11MO.0.A		chr7:43577557-43577792	88	107	-	17.5909	5.48e-07	0.00025	GGACTTGCCTGAGCATGCCC
P53_HUMAN.H11MO.0.A		chr12:48602273-48602501	93	112	-	17.5758	5.54e-07	0.000251	AGGCATGTCTGGGCATGTCA
P53_HUMAN.H11MO.0.A		chr5:58462128-58462448	146	165	-	17.5758	5.54e-07	0.000251	AAACATGCCTGGACTTGCCC
P53_HUMAN.H11MO.0.A		chr10:108039934-108040148	77	96	+	17.5303	5.7e-07	0.000258	aggcatgtctggacttgtct
P53_HUMAN.H11MO.0.A		chr12:92973688-92973978	139	158	-	17.5152	5.76e-07	0.00026	AGGCAAGTTCCAACATGCAC
P53_HUMAN.H11MO.0.A		chr9:95937199-95937464	123	142	-	17.5	5.82e-07	0.000261	TGACATGTCTCTACATGCCC
P53_HUMAN.H11MO.0.A		chr6:31328673-31328933	143	162	+	17.5	5.82e-07	0.000261	ggacatgtttgggcatgtct
P53_HUMAN.H11MO.0.A		chr17:63182133-63182329	56	75	-	17.4394	6.05e-07	0.00027	GGGCATGTCTCTACATGCCT
P53_HUMAN.H11MO.0.A		chr1:67686673-67686916	102	121	-	17.4394	6.05e-07	0.00027	CAGCATGCTTAGACATGTTC
P53_HUMAN.H11MO.0.A		chr1:181521796-181522141	194	213	-	17.3939	6.23e-07	0.000278	GAACATGCCTGGACATGCCA
P53_HUMAN.H11MO.0.A		chr21:33367225-33367525	158	177	-	17.3788	6.3e-07	0.000279	AGGCATGTCTGAACATGTCT
P53_HUMAN.H11MO.0.A		chr15:80003187-80003456	146	165	+	17.3788	6.3e-07	0.000279	aggcgtgttcggacatgtct
P53_HUMAN.H11MO.0.A		chr19:47231262-47231566	58	77	-	17.3485	6.42e-07	0.000283	CTGCAAGTCCTGACTTGTCC
P53_HUMAN.H11MO.0.A		chr5:111494611-111494976	171	190	+	17.3485	6.42e-07	0.000283	AGACATGTCAGAACATGCCC
P53_HUMAN.H11MO.0.A		chr8:29770456-29770872	170	189	+	17.3182	6.55e-07	0.000288	GGACATGTTGGGACATGCCA
P53_HUMAN.H11MO.0.A		chr1:41482274-41482583	136	155	+	17.2576	6.81e-07	0.000298	GGGCATGCCCGGGCTTGCAG
P53_HUMAN.H11MO.0.A		chr14:32345352-32345643	143	162	+	17.2576	6.81e-07	0.000298	agacatgtttgggcatgtct
P53_HUMAN.H11MO.0.A		chr12:52176131-52176319	50	69	+	17.2273	6.94e-07	0.000303	agacgtgttcagacatgcag
P53_HUMAN.H11MO.0.A		chr12:75177982-75178265	141	160	+	17.2121	7.01e-07	0.000304	AGGCATGTCCTGGCATGAAA
P53_HUMAN.H11MO.0.A		chr6:36676227-36676706	222	241	+	17.2121	7.01e-07	0.000304	GAACATGTCCCAACATGTTG
P53_HUMAN.H11MO.0.A		chr20:10733281-10733494	95	114	-	17.1818	7.15e-07	0.000308	GAACATGCCCGGGCTAGCCT
P53_HUMAN.H11MO.0.A		chr14:23670553-23670833	132	151	+	17.1818	7.15e-07	0.000308	gtacatgtctgggcatgcct
P53_HUMAN.H11MO.0.A		chr14:70011145-70011423	141	160	+	17.1667	7.22e-07	0.00031	TGACATGCCTGAACATGTCT
P53_HUMAN.H11MO.0.A		chr8:123612343-123612700	190	209	+	17.1061	7.51e-07	0.000322	agacatgtctgggcttgtct
P53_HUMAN.H11MO.0.A		chr10:53619771-53620021	110	129	-	17.0909	7.58e-07	0.000323	GGATCTGCCCGGGCATGCCT
P53_HUMAN.H11MO.0.A		chr12:19431779-19432209	241	260	+	17.0909	7.58e-07	0.000323	aagcatgtctgggcatgtct
P53_HUMAN.H11MO.0.A		chr6:80536276-80536560	141	160	-	17.0758	7.65e-07	0.000325	AGACATGTCTGGACAGGCCC
P53_HUMAN.H11MO.0.A		chr19:46133423-46133750	162	181	-	17.0758	7.65e-07	0.000325	ATATTTGCCCTGGCATGCCT
P53_HUMAN.H11MO.0.A		chrX:47819032-47819334	127	146	-	17.0606	7.73e-07	0.000325	GTGCATGCCTGGACATGTTC
P53_HUMAN.H11MO.0.A		chr8:144701956-144702187	77	96	+	17.0606	7.73e-07	0.000325	ggacatgtctgggcacgtcc
P53_HUMAN.H11MO.0.A		chr2:88538394-88538609	79	98	+	17.0606	7.73e-07	0.000325	atacatatccaggcatgcct
P53_HUMAN.H11MO.0.A		chr1:187408204-187408571	158	177	+	17.0606	7.73e-07	0.000325	aggcatgcctgggcaagtct
P53_HUMAN.H11MO.0.A		chr5:129177601-129177892	119	138	-	17.0303	7.88e-07	0.00033	GGTCTAGCCTAAACATGCCC
P53_HUMAN.H11MO.0.A		chr19:6577520-6577730	74	93	+	17	8.04e-07	0.000336	GGGCTTGTCTGGGCTTGCCC
P53_HUMAN.H11MO.0.A		chr10:45438433-45438622	113	132	-	16.9697	8.19e-07	0.000341	CCACATGCTCTGACATGTTC
P53_HUMAN.H11MO.0.A		chr4:3436983-3437206	108	127	+	16.9545	8.27e-07	0.000342	GGGCAGGCCCTGGCATGTAG
P53_HUMAN.H11MO.0.A		chr3:111180-111477	141	160	+	16.9545	8.27e-07	0.000342	agacatgtctgagcatgtct
P53_HUMAN.H11MO.0.A		chr1:204524899-204525221	147	166	+	16.9545	8.27e-07	0.000342	AGACATGTTCCAACATGTTG
P53_HUMAN.H11MO.0.A		chr14:91509416-91509649	105	124	+	16.9242	8.43e-07	0.000348	TGACAAGCAGGGACATGCCC
P53_HUMAN.H11MO.0.A		chr6:10718745-10718930	91	110	-	16.8939	8.6e-07	0.000351	AGGCATGTCTGGACAGGCCC
P53_HUMAN.H11MO.0.A		chr6:109882220-109882490	133	152	-	16.8939	8.6e-07	0.000351	AGGCATGTCTGGACAGGCCC
P53_HUMAN.H11MO.0.A		chr6:36667091-36667413	167	186	-	16.8939	8.6e-07	0.000351	GGCCTTGCCCGGGCTTGTCT
P53_HUMAN.H11MO.0.A		chr2:99040837-99041126	126	145	+	16.8939	8.6e-07	0.000351	aggcatgtctggacaggccc
P53_HUMAN.H11MO.0.A		chr8:8362811-8363136	166	185	+	16.8636	8.77e-07	0.000357	ggacatgcctgggcatgctg
P53_HUMAN.H11MO.0.A		chr9:133881144-133881478	168	187	-	16.8485	8.85e-07	0.000359	GGGCAAGTCCAGACACATTC
P53_HUMAN.H11MO.0.A		chr19:18364740-18365201	247	266	-	16.8333	8.93e-07	0.000362	AGACATGCCGGGACATGCAG
P53_HUMAN.H11MO.0.A		chr16:67966246-67966450	116	135	+	16.803	9.11e-07	0.000367	GGGCAGGTCTGGACATGCCT
P53_HUMAN.H11MO.0.A		chr6:36667091-36667413	167	186	+	16.803	9.11e-07	0.000367	AGACAAGCCCGGGCAAGGCC
P53_HUMAN.H11MO.0.A		chr1:212596426-212596706	137	156	-	16.7879	9.19e-07	0.00037	TTACATGTCCTGACATGTAG
P53_HUMAN.H11MO.0.A		chr9:88519954-88520226	133	152	-	16.7727	9.28e-07	0.000372	AGGCATGAGCCAACATGCCC
P53_HUMAN.H11MO.0.A		chr6:37244846-37245132	131	150	-	16.7576	9.37e-07	0.000374	GAACATGTCTAGGCTAGCCT
P53_HUMAN.H11MO.0.A		chr6:94144895-94145167	134	153	-	16.7576	9.37e-07	0.000374	AGGCATGCCTCAACATGTAT
P53_HUMAN.H11MO.0.A		chr6:31390554-31390834	122	141	+	16.7424	9.46e-07	0.000376	gggcatgtctgggcaagtct
P53_HUMAN.H11MO.0.A		chr6:31487429-31487743	162	181	+	16.7424	9.46e-07	0.000376	gggcatgtctgggcaagtct
P53_HUMAN.H11MO.0.A		chr9:92988177-92988550	158	177	-	16.7273	9.55e-07	0.000378	GGTCTTGCCTGGGCATGCCC
P53_HUMAN.H11MO.0.A		chr10:72298289-72298475	78	97	-	16.6667	9.92e-07	0.000392	GGGCATGCTGGGACTTGTCT
P53_HUMAN.H11MO.0.A		chr17:77286133-77286364	109	128	+	16.6364	1.01e-06	0.000399	AGGCATGCCCAGGCAGGGGC
P53_HUMAN.H11MO.0.A		chr1:234618423-234618761	158	177	+	16.5909	1.04e-06	0.000409	AAACATGTCAGGACATGCCT
P53_HUMAN.H11MO.0.A		chr1:115839313-115839553	101	120	+	16.5758	1.05e-06	0.000412	GGCCAAGTCCGGGCATGTCG
P53_HUMAN.H11MO.0.A		chr15:88621140-88621541	166	185	-	16.5455	1.07e-06	0.000419	CCACATGCCCGGGCAAGCCC
P53_HUMAN.H11MO.0.A		chr17:30040698-30040915	128	147	+	16.5152	1.09e-06	0.000426	aggcatgtctggacaggtcc
P53_HUMAN.H11MO.0.A		chr4:76781974-76782229	117	136	-	16.5	1.1e-06	0.000428	CAACATGTAGTGACATGCCC
P53_HUMAN.H11MO.0.A		chr14:45785321-45785683	189	208	-	16.5	1.1e-06	0.000428	GGGCATGTCTTGGCAAGTCA
P53_HUMAN.H11MO.0.A		chr6:111483954-111484297	186	205	-	16.3636	1.2e-06	0.000465	TGACAAGTCCTTACATGTAC
P53_HUMAN.H11MO.0.A		chr1:214439493-214439766	134	153	+	16.3333	1.22e-06	0.000472	AAACATGTTGCAACATGTCC
P53_HUMAN.H11MO.0.A		chr6:118574044-118574291	108	127	+	16.3182	1.23e-06	0.000475	ttgtcagcccagacatgtcc
P53_HUMAN.H11MO.0.A		chr12:68808800-68809116	123	142	+	16.3182	1.23e-06	0.000475	GGTCAAGTTCAGACACGTTC
P53_HUMAN.H11MO.0.A		chr6:63573581-63573896	132	151	-	16.2879	1.26e-06	0.000482	GGACAAGACTAGACTTGTTC
P53_HUMAN.H11MO.0.A		chr11:62222948-62223161	87	106	-	16.2727	1.27e-06	0.000485	GAGCATGTTGGGACATGTCT
P53_HUMAN.H11MO.0.A		chr15:88621140-88621541	166	185	+	16.2727	1.27e-06	0.000485	GGGCTTGCCCGGGCATGTGG
P53_HUMAN.H11MO.0.A		chr14:91509416-91509649	105	124	-	16.2576	1.28e-06	0.000488	GGGCATGTCCCTGCTTGTCA
P53_HUMAN.H11MO.0.A		chr3:14007220-14007485	117	136	-	16.2424	1.29e-06	0.000491	GGACATGAACGGACATGTTT
P53_HUMAN.H11MO.0.A		chrX:94400571-94400884	156	175	-	16.2273	1.3e-06	0.000495	CAGCATGTCTGGACATGCCT
P53_HUMAN.H11MO.0.A		chr8:142815598-142816038	243	262	-	16.1667	1.35e-06	0.000509	GGACCAGCCTGGACATGCCT
P53_HUMAN.H11MO.0.A		chr3:195187655-195187940	131	150	+	16.1515	1.37e-06	0.000509	GGACATGCCTGGACATGATT
P53_HUMAN.H11MO.0.A		chr14_GL000009v2_random:43140-43327	80	99	-	16.1364	1.38e-06	0.000509	TGTCTTGCCTGGACATGCCC
P53_HUMAN.H11MO.0.A		chr4_GL000008v2_random:170285-170491	105	124	+	16.1364	1.38e-06	0.000509	tgtcttgcctggacatgccc
P53_HUMAN.H11MO.0.A		chrUn_KI270742v1:53206-53416	93	112	-	16.1364	1.38e-06	0.000509	TGTCTTGCCTGGACATGCCC
P53_HUMAN.H11MO.0.A		chr4:49494951-49495165	116	135	+	16.1364	1.38e-06	0.000509	tgtcttgcctggacatgccc
P53_HUMAN.H11MO.0.A		chr3_GL000221v1_random:22736-22930	119	138	-	16.1364	1.38e-06	0.000509	TGTCTTGCCTGGACATGCCC
P53_HUMAN.H11MO.0.A		chrUn_GL000214v1:59128-59492	169	188	+	16.1364	1.38e-06	0.000509	tgtcttgcctggacatgccc
P53_HUMAN.H11MO.0.A		chrUn_KI270751v1:44736-45079	161	180	-	16.1364	1.38e-06	0.000509	TGTCTTGCCTGGACATGCCC
P53_HUMAN.H11MO.0.A		chrUn_KI270744v1:6002-6376	187	206	+	16.1364	1.38e-06	0.000509	tgtcttgcctggacatgccc
P53_HUMAN.H11MO.0.A		chr1:248934531-248934765	78	97	-	16.1212	1.39e-06	0.000509	TAGCTTGCTCCAGCATGCCT
P53_HUMAN.H11MO.0.A		chr22:50796597-50796827	83	102	-	16.1212	1.39e-06	0.000509	TAGCTTGCTCCAGCATGCCT
P53_HUMAN.H11MO.0.A		chr21:46688698-46688932	98	117	-	16.1212	1.39e-06	0.000509	TAGCTTGCTCCAGCATGCCT
P53_HUMAN.H11MO.0.A		chr2:113614066-113614319	137	156	+	16.1212	1.39e-06	0.000509	TAGCttgctccagcatgcct
P53_HUMAN.H11MO.0.A		chr19:58596869-58597099	125	144	-	16.1212	1.39e-06	0.000509	TAGCTTGCTCCAGCATGCCT
P53_HUMAN.H11MO.0.A		chr17:83237817-83238136	137	156	-	16.1212	1.39e-06	0.000509	TAGCTTGCTCCAGCATGCCT
P53_HUMAN.H11MO.0.A		chr15:92949970-92950237	136	155	-	16.0909	1.42e-06	0.000517	AGACATGTCCGAACGTGCCC
P53_HUMAN.H11MO.0.A		chr22:31254064-31254251	85	104	-	16.0606	1.45e-06	0.000526	AAACAAGTACAGGCATGCAG
P53_HUMAN.H11MO.0.A		chr9:92800321-92800651	156	175	-	15.9848	1.51e-06	0.000549	GGGCATGTCCCTGCCTGCTC
P53_HUMAN.H11MO.0.A		chr6:41846624-41846852	86	105	+	15.9697	1.53e-06	0.000553	tggcatgtcctttcatgtcc
P53_HUMAN.H11MO.0.A		chr19:48955071-48955339	142	161	+	15.9091	1.58e-06	0.000571	GGGCAGGCCCGGGCTTGTCG
P53_HUMAN.H11MO.0.A		chr3:153614653-153614973	144	163	+	15.9091	1.58e-06	0.000571	AGGCATGTCAGGGCATGTCA
P53_HUMAN.H11MO.0.A		chr15:62262669-62262930	118	137	-	15.8636	1.63e-06	0.000586	AGATATGCTTGGACATGCCC
P53_HUMAN.H11MO.0.A		chr1:214439493-214439766	134	153	-	15.8485	1.64e-06	0.000587	GGACATGTTGCAACATGTTT
P53_HUMAN.H11MO.0.A		chr2:177170173-177170554	166	185	+	15.8485	1.64e-06	0.000587	aagcatgcctgggcatgttt
P53_HUMAN.H11MO.0.A		chr21:33367225-33367525	148	167	-	15.8485	1.64e-06	0.000587	GAACATGTCTGGGCATGTCA
P53_HUMAN.H11MO.0.A		chr1:182643755-182644075	163	182	+	15.8333	1.66e-06	0.000592	TGCCCTGCCCTGGCTTGCCT
P53_HUMAN.H11MO.0.A		chr4:122777054-122777282	90	109	+	15.8182	1.67e-06	0.000594	AAACACGCCCAGACATGTTG
P53_HUMAN.H11MO.0.A		chr7:110534561-110534891	153	172	-	15.8182	1.67e-06	0.000594	TGACAAGCCCGGGCTTGTGC
P53_HUMAN.H11MO.0.A		chr6:80536276-80536560	131	150	+	15.7727	1.72e-06	0.00061	ggacttgcctgggcctgtcc
P53_HUMAN.H11MO.0.A		chr1:115839313-115839553	111	130	-	15.7273	1.77e-06	0.000624	GGCTAAGCACCGACATGCCC
P53_HUMAN.H11MO.0.A		chr3:179070026-179070348	162	181	+	15.7273	1.77e-06	0.000624	AGGCATGTCTGGACTTGTTT
P53_HUMAN.H11MO.0.A		chr6:22442965-22443212	124	143	-	15.697	1.8e-06	0.000634	AGGCTAGCCTGGGCATGTTC
P53_HUMAN.H11MO.0.A		chr8:144701956-144702187	67	86	-	15.6818	1.82e-06	0.000635	AGACATGTCCCAGCTTGCAG
P53_HUMAN.H11MO.0.A		chr8:49110483-49110684	120	139	-	15.6818	1.82e-06	0.000635	GGGCATGTCTGGACAAGTCA
P53_HUMAN.H11MO.0.A		chr15:92949970-92950237	126	145	-	15.6818	1.82e-06	0.000635	GAACGTGCCCAGGCATTTCC
P53_HUMAN.H11MO.0.A		chr8:127795619-127796013	152	171	+	15.6364	1.87e-06	0.000652	CGACAAGTTGAGACTTGTTC
P53_HUMAN.H11MO.0.A		chr1:67686673-67686916	102	121	+	15.6061	1.9e-06	0.000662	GAACATGTCTAAGCATGCTG
P53_HUMAN.H11MO.0.A		chr13:23399397-23399624	70	89	-	15.5909	1.92e-06	0.000667	AGACATGTTTGGGCATGTCA
P53_HUMAN.H11MO.0.A		chr2:225615644-225615919	132	151	+	15.5606	1.95e-06	0.000677	CTACAAGCCCAGGCAAGTGC
P53_HUMAN.H11MO.0.A		chr1:233179707-233179892	70	89	-	15.5303	1.99e-06	0.000684	AGACTTGCCTGGGCCTGTCC
P53_HUMAN.H11MO.0.A		chr1:88801947-88802164	102	121	+	15.5303	1.99e-06	0.000684	agacttgcctgggcctgtcc
P53_HUMAN.H11MO.0.A		chr6:109882220-109882490	123	142	+	15.5303	1.99e-06	0.000684	agacttgcctgggcctgtcc
P53_HUMAN.H11MO.0.A		chr2:99040837-99041126	136	155	-	15.5303	1.99e-06	0.000684	AGACTTGCCTGGGCCTGTCC
P53_HUMAN.H11MO.0.A		chr11:62222948-62223161	97	116	+	15.5152	2.01e-06	0.000685	caacatgctcaggcatttcc
P53_HUMAN.H11MO.0.A		chr12:78746162-78746357	91	110	-	15.5152	2.01e-06	0.000685	GTACATGTTGGGGCATGCCT
P53_HUMAN.H11MO.0.A		chr2:136375650-136375921	137	156	+	15.5152	2.01e-06	0.000685	aggcatgcccagccctgcat
P53_HUMAN.H11MO.0.A		chr19:53295151-53295350	106	125	-	15.5	2.03e-06	0.000685	AGGCATGTCCCAGCTTGCAG
P53_HUMAN.H11MO.0.A		chr12:124938559-124939143	178	197	+	15.5	2.03e-06	0.000685	aggcatgtcccagcttgcag
P53_HUMAN.H11MO.0.A		chr17:39046708-39047039	178	197	+	15.5	2.03e-06	0.000685	aggcatgtcccagcttgcag
P53_HUMAN.H11MO.0.A		chr6:150857167-150857532	170	189	-	15.5	2.03e-06	0.000685	AGGCATGTCCCAGCTTGCAG
P53_HUMAN.H11MO.0.A		chr9:115944093-115944530	208	227	-	15.5	2.03e-06	0.000685	GGACATGTCTGTGCATGCCT
P53_HUMAN.H11MO.0.A		chr9:81592255-81592537	127	146	-	15.4848	2.05e-06	0.000688	AAACATGTTGGGACATGTTC
P53_HUMAN.H11MO.0.A		chr9:121322355-121322730	171	190	-	15.4848	2.05e-06	0.000688	AGGCATGTCTCTGCATGTTC
P53_HUMAN.H11MO.0.A		chr10:53619771-53620021	110	129	+	15.4697	2.06e-06	0.000693	aggcatgcccgggcagatcc
P53_HUMAN.H11MO.0.A		chr1:111214486-111214838	153	172	+	15.4545	2.08e-06	0.000697	gggcatgtctgggcaagcca
P53_HUMAN.H11MO.0.A		chr7:33287905-33288175	108	127	-	15.4394	2.1e-06	0.000702	AGGCATGTCTGGACAAGTCA
P53_HUMAN.H11MO.0.A		chr9:79026329-79026576	158	177	+	15.4091	2.14e-06	0.000712	agacatgcaagggcatgtct
P53_HUMAN.H11MO.0.A		chr16:77991708-77992025	145	164	-	15.4091	2.14e-06	0.000712	AGGCATGTTTGGGCATGTCA
P53_HUMAN.H11MO.0.A		chr1:9181982-9182332	162	181	-	15.3788	2.18e-06	0.000724	GGGCTTGCCTGGGCTTGTTC
P53_HUMAN.H11MO.0.A		chr6:48111103-48111297	95	114	+	15.3636	2.2e-06	0.000726	gggcaagtctgggcaagcct
P53_HUMAN.H11MO.0.A		chr19:53295151-53295350	136	155	-	15.3636	2.2e-06	0.000726	TGGCCTGTCCGGACAGGCCT
P53_HUMAN.H11MO.0.A		chr1:116879125-116879533	184	203	+	15.3636	2.2e-06	0.000726	GGACAGGTCTGGACTTGTCC
P53_HUMAN.H11MO.0.A		chr10:131094670-131095003	156	175	+	15.3182	2.26e-06	0.000742	AGACTTGCCTGGGCTTGTTC
P53_HUMAN.H11MO.0.A		chr9:92147271-92147622	175	194	+	15.3182	2.26e-06	0.000742	AGACTTGCCTGGGCTTGTTC
P53_HUMAN.H11MO.0.A		chr2:28172396-28172584	123	142	+	15.303	2.28e-06	0.000747	GACTCTGCCCAGGCATGTCT
P53_HUMAN.H11MO.0.A		chr1:121281672-121281857	67	86	-	15.2424	2.36e-06	0.000771	AGACAAGTTTGGACTTGCCC
P53_HUMAN.H11MO.0.A		chr1:206300088-206300316	127	146	-	15.2424	2.36e-06	0.000771	AGACAAGTTTGGACTTGCCC
P53_HUMAN.H11MO.0.A		chr16:20865805-20866162	143	162	-	15.2273	2.38e-06	0.000777	GGGCATGTTTGGACATGTAT
P53_HUMAN.H11MO.0.A		chr6:75272178-75272468	165	184	-	15.197	2.42e-06	0.000789	GGACTTGCTTGGGCTTGTCC
P53_HUMAN.H11MO.0.A		chr2:99040837-99041126	116	135	+	15.1818	2.45e-06	0.00079	tggcttactcaggcatgtct
P53_HUMAN.H11MO.0.A		chr17:30040698-30040915	118	137	+	15.1818	2.45e-06	0.00079	tggcttactcaggcatgtct
P53_HUMAN.H11MO.0.A		chr1:218601009-218601362	184	203	+	15.1818	2.45e-06	0.00079	GGACAAGTCTGAACTTGCCC
P53_HUMAN.H11MO.0.A		chr6:109882220-109882490	143	162	-	15.1818	2.45e-06	0.00079	TGGCTTACTCAGGCATGTCT
P53_HUMAN.H11MO.0.A		chr22:28316079-28316321	61	80	-	15.1667	2.47e-06	0.000794	TGACTTGCCCAAACACACCT
P53_HUMAN.H11MO.0.A		chr8:142815598-142816038	233	252	-	15.1667	2.47e-06	0.000794	GGACATGCCTGGGCAAGCAT
P53_HUMAN.H11MO.0.A		chr2:131668957-131669234	142	161	-	15.1515	2.49e-06	0.000799	AGACATGCCTGAGCAAGCCT
P53_HUMAN.H11MO.0.A		chrX:108122930-108123134	91	110	-	15.1364	2.51e-06	0.000805	GTACATGTTGGGGCATGTCT
P53_HUMAN.H11MO.0.A		chr15:92949970-92950237	136	155	+	15.1212	2.53e-06	0.000809	gggcacgttcggacatgtct
P53_HUMAN.H11MO.0.A		chr15:62262669-62262930	98	117	-	15.1212	2.53e-06	0.000809	AGGCATGTCCCAGCTTGTAG
P53_HUMAN.H11MO.0.A		chr17:60600187-60600399	64	83	+	15.0909	2.58e-06	0.000809	GGACAAGTCCAGACATCGCG
P53_HUMAN.H11MO.0.A		chr20:47377138-47377409	139	158	+	15.0909	2.58e-06	0.000809	ctacaagccaagacatgcca
P53_HUMAN.H11MO.0.A		chr15:63157071-63157480	164	183	+	15.0909	2.58e-06	0.000809	GGGCAAGTCACTACATGCCC
P53_HUMAN.H11MO.0.A		chr16:25553773-25554059	130	149	+	15.0758	2.6e-06	0.000809	gggcatgtctgggcaagtca
P53_HUMAN.H11MO.0.A		chr2:237939904-237940117	142	161	+	15.0758	2.6e-06	0.000809	gggcatgtctgggcaagtca
P53_HUMAN.H11MO.0.A		chr7:138164764-138165064	146	165	+	15.0758	2.6e-06	0.000809	gggcatgtctgggcaagtca
P53_HUMAN.H11MO.0.A		chr15:73165796-73166094	154	173	+	15.0758	2.6e-06	0.000809	gggcatgtctgggcaagtca
P53_HUMAN.H11MO.0.A		chr5:36442310-36442703	197	216	+	15.0758	2.6e-06	0.000809	gggcatgtctgggcaagtca
P53_HUMAN.H11MO.0.A		chr14:71774074-71774282	89	108	-	15.0758	2.6e-06	0.000809	GGGCATGTCTGGGCAAGTCA
P53_HUMAN.H11MO.0.A		chr17:62144022-62144287	124	143	-	15.0758	2.6e-06	0.000809	GGGCATGTCTGGGCAAGTCA
P53_HUMAN.H11MO.0.A		chr14:56666313-56666596	150	169	-	15.0758	2.6e-06	0.000809	GGGCATGTCTGGGCAAGTCA
P53_HUMAN.H11MO.0.A		chr3:83934498-83934842	156	175	-	15.0758	2.6e-06	0.000809	GGGCATGTCTGGGCAAGTCA
P53_HUMAN.H11MO.0.A		chr1:244735436-244735789	179	198	-	15.0758	2.6e-06	0.000809	GGGCATGTCTGGGCAAGTCA
P53_HUMAN.H11MO.0.A		chr21:13923263-13923462	97	116	+	15.0606	2.63e-06	0.000815	tgtcttgcctggacatgcct
P53_HUMAN.H11MO.0.A		chr2:163953422-163953700	145	164	+	15.0152	2.7e-06	0.000832	agacatgtctgggcaagtca
P53_HUMAN.H11MO.0.A		chr3:146582217-146582410	82	101	-	15.0152	2.7e-06	0.000832	AGACATGTCTGGGCAAGTCA
P53_HUMAN.H11MO.0.A		chr10:127863216-127863493	139	158	-	15.0152	2.7e-06	0.000832	AGACATGTCTGGGCAAGTCA
P53_HUMAN.H11MO.0.A		chr4:33747109-33747344	115	134	+	14.9848	2.74e-06	0.000844	gggcatgtctgggcatgaac
P53_HUMAN.H11MO.0.A		chr6:31337163-31337526	180	199	-	14.9848	2.74e-06	0.000844	GGATCTGCCTGGACATGCCC
P53_HUMAN.H11MO.0.A		chr3:122394256-122394538	102	121	-	14.9545	2.79e-06	0.000857	GTGCATGTTGGGGCATGTCT
P53_HUMAN.H11MO.0.A		chr9:84238731-84239107	168	187	+	14.9394	2.82e-06	0.000863	gcacatgcctggacatgttt
P53_HUMAN.H11MO.0.A		chrX:42976758-42977006	99	118	+	14.8333	3e-06	0.000914	aggcatgtctgggcaagtca
P53_HUMAN.H11MO.0.A		chr2:101704030-101704392	184	203	-	14.8333	3e-06	0.000914	GAACAAGCCTGAACATGCCT
P53_HUMAN.H11MO.0.A		chr8:66113485-66113788	141	160	-	14.7727	3.1e-06	0.000945	GAACCTGCCCGGACACGTTC
P53_HUMAN.H11MO.0.A		chr1:233179707-233179892	60	79	+	14.7424	3.16e-06	0.000954	aagcatgtctggacaggccc
P53_HUMAN.H11MO.0.A		chr11:86335477-86335727	112	131	+	14.7424	3.16e-06	0.000954	aggcatgtcccaacacgcag
P53_HUMAN.H11MO.0.A		chr7:151688101-151688410	163	182	+	14.7424	3.16e-06	0.000954	GAGCATGTCTGAACATGTTC
P53_HUMAN.H11MO.0.A		chr1:88801947-88802164	112	131	-	14.7424	3.16e-06	0.000954	AAGCATGTCTGGACAGGCCC
P53_HUMAN.H11MO.0.A		chr13:113837242-113837706	180	199	+	14.7121	3.21e-06	0.000967	GGACACGCCTGGGCATGTCC
P53_HUMAN.H11MO.0.A		chr9:89686220-89686605	182	201	+	14.7121	3.21e-06	0.000967	CAACATGCCCAGGCAGCTCC
P53_HUMAN.H11MO.0.A		chr9:136109644-136110023	180	199	+	14.697	3.24e-06	0.000974	CGGCATGCCCGGGCACGCTG
P53_HUMAN.H11MO.0.A		chr6:36608196-36608411	101	120	+	14.6818	3.27e-06	0.000977	gggcatgttggcacatgcct
P53_HUMAN.H11MO.0.A		chrX:154526815-154527017	91	110	-	14.6818	3.27e-06	0.000977	GGGCATGTTGGCACATGCCT
P53_HUMAN.H11MO.0.A		chr9:6864473-6864755	137	156	-	14.6818	3.27e-06	0.000977	GGGCATGTTGGCACATGCCT
P53_HUMAN.H11MO.0.A		chr6:75272178-75272468	145	164	+	14.6667	3.3e-06	0.000984	cggcttactcaggcatgcct
P53_HUMAN.H11MO.0.A		chr19:53295151-53295350	136	155	+	14.6515	3.33e-06	0.000989	aggcctgtccggacaggcca
P53_HUMAN.H11MO.0.A		chr5:111494611-111494976	181	200	+	14.6515	3.33e-06	0.000989	GAACATGCCCAAAGAAGCCT
P53_HUMAN.H11MO.0.A		chr6:10718745-10718930	101	120	-	14.6212	3.38e-06	0.001	TGGCTTATTCAGGCATGTCT
P53_HUMAN.H11MO.0.A		chr15:59165811-59166012	97	116	+	14.6061	3.41e-06	0.00101	TGGCATGTCTGGTCATGCCT
P53_HUMAN.H11MO.0.A		chr15:20789072-20789257	26	45	+	14.5909	3.44e-06	0.00101	agacatgtctgagcaagcct
P53_HUMAN.H11MO.0.A		chr16:65769111-65769360	134	153	+	14.5909	3.44e-06	0.00101	gagcatgtctgggcaagtct
P53_HUMAN.H11MO.0.A		chr19:46133423-46133750	142	161	-	14.5909	3.44e-06	0.00101	GAACAGGCCCAAGCAAGCAT
P53_HUMAN.H11MO.0.A		chr6:20866812-20867036	76	95	-	14.5758	3.47e-06	0.00102	GGGTTTGTAGAAACATGTCC
P53_HUMAN.H11MO.0.A		chr3:36932924-36933171	126	145	-	14.5303	3.57e-06	0.00105	TGGCATGTCTGGACATGTAA
P53_HUMAN.H11MO.0.A		chr3:70854397-70854589	65	84	-	14.5152	3.6e-06	0.00105	GGGCATGACTGAACATGTCT
P53_HUMAN.H11MO.0.A		chr7:151688101-151688410	153	172	-	14.5	3.63e-06	0.00106	AGACATGCTCAGGCAGGATG
P53_HUMAN.H11MO.0.A		chr9:114908379-114908731	169	188	-	14.4848	3.66e-06	0.00107	AGGCAAGCCTGGGCTTGCAC
P53_HUMAN.H11MO.0.A		chr6:20866812-20867036	66	85	+	14.4697	3.69e-06	0.00107	AAACATGCTTGGACATGTTT
P53_HUMAN.H11MO.0.A		chr17:30040698-30040915	138	157	-	14.4697	3.69e-06	0.00107	AGACCTGCCTGGACCTGTCC
P53_HUMAN.H11MO.0.A		chr1:72000827-72001155	161	180	-	14.4545	3.72e-06	0.00108	GGACATGTCTGAGCAAGTCT
P53_HUMAN.H11MO.0.A		chr8:8407354-8407570	105	124	-	14.4394	3.75e-06	0.00109	AAACATGCCTGGACATGTGT
P53_HUMAN.H11MO.0.A		chr11:66619302-66619530	138	157	+	14.4242	3.79e-06	0.0011	AAACATGTACAGACTTGTGG
P53_HUMAN.H11MO.0.A		chr8:93990933-93991129	102	121	-	14.4091	3.82e-06	0.0011	GGGTTTGCCTGGGCATGTCT
P53_HUMAN.H11MO.0.A		chr8:123844772-123845153	188	207	+	14.4091	3.82e-06	0.0011	aaacatgtcaggacatgttt
P53_HUMAN.H11MO.0.A		chr10:108039934-108040148	87	106	-	14.3939	3.85e-06	0.00111	TGCTGTGCCCAGACAAGTCC
P53_HUMAN.H11MO.0.A		chr5:129177601-129177892	119	138	+	14.3788	3.89e-06	0.00111	gggcatgtttaggctagacc
P53_HUMAN.H11MO.0.A		chr6:63573581-63573896	132	151	+	14.3788	3.89e-06	0.00111	GAACAAGTCTAGTCTTGTCC
P53_HUMAN.H11MO.0.A		chr10:21427798-21428098	143	162	-	14.3788	3.89e-06	0.00111	GAACAAGCCTGGGCTTGCCT
P53_HUMAN.H11MO.0.A		chr14:20752057-20752249	65	84	-	14.2879	4.09e-06	0.00117	AGGCTTGTCAGGGCATGTCA
P53_HUMAN.H11MO.0.A		chr13:98659729-98659914	63	82	-	14.2576	4.16e-06	0.00119	GGGCATGTTGGTACATGCCT
P53_HUMAN.H11MO.0.A		chr9:1707374-1707602	96	115	+	14.2273	4.23e-06	0.0012	AAACATGCCTGGGCTTGCCA
P53_HUMAN.H11MO.0.A		chr5:173292484-173292696	100	119	-	14.2273	4.23e-06	0.0012	GGACATGCCTGGTCTTGCCT
P53_HUMAN.H11MO.0.A		chr4:74886541-74886828	142	161	+	14.2273	4.23e-06	0.0012	caacatgtctggacatgttt
P53_HUMAN.H11MO.0.A		chr7:11082777-11083044	146	165	-	14.2121	4.27e-06	0.00121	TGGCATGCCTGGGCATGTAG
P53_HUMAN.H11MO.0.A		chr2:37654155-37654344	111	130	-	14.197	4.31e-06	0.00122	GAACATGCGGGGACATGTTC
P53_HUMAN.H11MO.0.A		chr7:110534561-110534891	153	172	+	14.1818	4.34e-06	0.00123	GCACAAGCCCGGGCTTGTCA
P53_HUMAN.H11MO.0.A		chr2:136375650-136375921	127	146	-	14.1667	4.38e-06	0.00123	GGGCATGCCTGGACAAGTTG
P53_HUMAN.H11MO.0.A		chr1:202056607-202056920	144	163	+	14.1364	4.46e-06	0.00125	GGGCAAGTATGGACAAGCCC
P53_HUMAN.H11MO.0.A		chr1:9181982-9182332	172	191	+	14.0909	4.57e-06	0.00128	AGGCAAGCCCAGGCAGAGCC
P53_HUMAN.H11MO.0.A		chr9:136550420-136550772	163	182	+	14.0758	4.61e-06	0.00129	TGAGTTGCCCGGGCAAGTCC
P53_HUMAN.H11MO.0.A		chr4:156771512-156771733	98	117	+	14.0606	4.65e-06	0.0013	gggcaagtctgaacatgacc
P53_HUMAN.H11MO.0.A		chr19:46133423-46133750	152	171	-	14.0303	4.73e-06	0.00132	TGGCATGCCTGAACAGGCCC
P53_HUMAN.H11MO.0.A		chr11:28521175-28521379	110	129	+	13.9697	4.89e-06	0.00136	tgacatgtcagggcctgtcc
P53_HUMAN.H11MO.0.A		chr3:42823398-42823684	144	163	-	13.9697	4.89e-06	0.00136	GGACATGTCAGGGCAAGCCA
P53_HUMAN.H11MO.0.A		chr9:136109644-136110023	180	199	-	13.9394	4.97e-06	0.00138	CAGCGTGCCCGGGCATGCCG
P53_HUMAN.H11MO.0.A		chr9:6087359-6087621	105	124	-	13.9242	5.01e-06	0.00139	TGGCATGTCTGGGCATGTAA
P53_HUMAN.H11MO.0.A		chr7:12557450-12557780	156	175	+	13.9242	5.01e-06	0.00139	tggcatgtctgggcatgtaa
P53_HUMAN.H11MO.0.A		chr1:111364720-111365153	225	244	+	13.9242	5.01e-06	0.00139	tggcatgtctgggcatgtaa
P53_HUMAN.H11MO.0.A		chr21:33367225-33367525	138	157	+	13.9091	5.06e-06	0.00139	gattgtgccctgacatgccc
P53_HUMAN.H11MO.0.A		chr1:199949018-199949302	146	165	+	13.9091	5.06e-06	0.00139	gaacatgtctgggctagccc
P53_HUMAN.H11MO.0.A		chr14:68988247-68988500	122	141	-	13.8788	5.14e-06	0.00141	GGGCATGTTGGTACATGTCT
P53_HUMAN.H11MO.0.A		chr9:92800321-92800651	156	175	+	13.8788	5.14e-06	0.00141	GAGCAGGCAGGGACATGCCC
P53_HUMAN.H11MO.0.A		chr4:76388545-76388744	81	100	-	13.8636	5.19e-06	0.00142	GTGCATGTCTGGACATGCTG
P53_HUMAN.H11MO.0.A		chr3:140423520-140423874	176	195	-	13.8333	5.27e-06	0.00144	TGACATGTCTGGGCATGTAG
P53_HUMAN.H11MO.0.A		chr12:68808800-68809116	161	180	+	13.8182	5.32e-06	0.00145	AGTTAAGTCCTGACTTGTCT
P53_HUMAN.H11MO.0.A		chr15:71364224-71364434	49	68	+	13.7879	5.41e-06	0.00147	gggcaagtctggacaagttt
P53_HUMAN.H11MO.0.A		chr12:120446186-120446482	151	170	-	13.7727	5.45e-06	0.00148	AGGCATGCACGGACATGAAG
P53_HUMAN.H11MO.0.A		chr11:62222948-62223161	77	96	+	13.697	5.69e-06	0.00154	tatcctgcttagacatgtcc
P53_HUMAN.H11MO.0.A		chr12:122946833-122947058	109	128	-	13.6667	5.78e-06	0.00157	GGACATGCCAGTGCATGCTC
P53_HUMAN.H11MO.0.A		chr14:63773582-63773834	121	140	-	13.6515	5.83e-06	0.00158	GGGCATGTTGGTGCATGCCT
P53_HUMAN.H11MO.0.A		chr6:36676227-36676706	222	241	-	13.6364	5.88e-06	0.00159	CAACATGTTGGGACATGTTC
P53_HUMAN.H11MO.0.A		chr2:177170173-177170554	261	280	+	13.5909	6.03e-06	0.00163	AAACATATCCAGACAAGTCA
P53_HUMAN.H11MO.0.A		chr6:81759949-81760134	91	110	+	13.5606	6.13e-06	0.00165	CTACAAGTCTGGACATGTCT
P53_HUMAN.H11MO.0.A		chr3:14007220-14007485	117	136	+	13.5303	6.23e-06	0.00167	aaacatgtccgttcatgtcc
P53_HUMAN.H11MO.0.A		chr6:31328673-31328933	133	152	-	13.5303	6.23e-06	0.00167	AAACATGTCCCAGCTTGCAG
P53_HUMAN.H11MO.0.A		chr8:8362811-8363136	186	205	+	13.4848	6.39e-06	0.00171	agacatgcctgagcaagcca
P53_HUMAN.H11MO.0.A		chr11:47214817-47215183	152	171	-	13.4697	6.44e-06	0.00172	GGGCTTGTTCAAACCAGCTT
P53_HUMAN.H11MO.0.A		chr5:57835251-57835590	152	171	-	13.4545	6.49e-06	0.00173	GATCATGCCTGGGCAAGCCC
P53_HUMAN.H11MO.0.A		chr8:102236679-102237054	171	190	-	13.4242	6.6e-06	0.00176	ATTGTTGTCCTGACATGCCC
P53_HUMAN.H11MO.0.A		chr17:28282727-28282964	84	103	-	13.4091	6.65e-06	0.00177	AGGCATGTTGGTGCATGCCT
P53_HUMAN.H11MO.0.A		chr9:82021252-82021577	160	179	-	13.3939	6.71e-06	0.00178	GAACATGCCTGGGCTAGCCT
P53_HUMAN.H11MO.0.A		chr5:37847879-37848243	186	205	+	13.3939	6.71e-06	0.00178	gaacatgcctgggctagcct
P53_HUMAN.H11MO.0.A		chr12:124273626-124273927	161	180	+	13.3788	6.76e-06	0.00179	Ggactagcctgggcaagttc
P53_HUMAN.H11MO.0.A		chr8:98259552-98259803	149	168	-	13.3788	6.76e-06	0.00179	AGGCTAGCCTGGGCTTGTTC
P53_HUMAN.H11MO.0.A		chr6:10718745-10718930	81	100	+	13.3636	6.82e-06	0.00179	agacttgcttgggcctgtcc
P53_HUMAN.H11MO.0.A		chr6:149336640-149336911	136	155	-	13.3636	6.82e-06	0.00179	AGGCCTGTCTGAACATGTTC
P53_HUMAN.H11MO.0.A		chr11:65421165-65421498	244	263	-	13.3636	6.82e-06	0.00179	GGGCTGGGCCTGACATGCAC
P53_HUMAN.H11MO.0.A		chr12:68808800-68809116	285	304	+	13.2879	7.11e-06	0.00187	AGGTAAGCACCGACTTGCTT
P53_HUMAN.H11MO.0.A		chr20:47377138-47377409	149	168	-	13.2121	7.4e-06	0.00194	TGGCAATTTCTGGCATGTCT
P53_HUMAN.H11MO.0.A		chr8:94657482-94657757	135	154	-	13.1667	7.59e-06	0.00199	TAACACGTCCCAACATGTCT
P53_HUMAN.H11MO.0.A		chr1:248934531-248934765	68	87	+	13.1364	7.71e-06	0.002	agttctgtccaggcatgctg
P53_HUMAN.H11MO.0.A		chr22:50796597-50796827	73	92	+	13.1364	7.71e-06	0.002	agttctgtccaggcatgctg
P53_HUMAN.H11MO.0.A		chr21:46688698-46688932	88	107	+	13.1364	7.71e-06	0.002	agttctgtccaggcatgctg
P53_HUMAN.H11MO.0.A		chr19:58596869-58597099	115	134	+	13.1364	7.71e-06	0.002	agttctgtccaggcatgctg
P53_HUMAN.H11MO.0.A		chr17:83237817-83238136	127	146	+	13.1364	7.71e-06	0.002	agttctgtccaggcatgctg
P53_HUMAN.H11MO.0.A		chr2:113614066-113614319	147	166	-	13.1364	7.71e-06	0.002	AGTTCTGTCCAGGCATGCTG
P53_HUMAN.H11MO.0.A		chr16:4140681-4141056	190	209	-	13.1364	7.71e-06	0.002	CCGCATGCCTGGGCATGTTC
P53_HUMAN.H11MO.0.A		chr14:19349827-19350091	108	127	+	13.0758	7.96e-06	0.00205	agacatgcctgtgcaagcct
P53_HUMAN.H11MO.0.A		chr14:19049922-19050202	147	166	-	13.0758	7.96e-06	0.00205	AGACATGCCTGTGCAAGCCT
P53_HUMAN.H11MO.0.A		chr22:15772536-15772866	155	174	-	13.0758	7.96e-06	0.00205	AGACATGCCTGTGCAAGCCT
P53_HUMAN.H11MO.0.A		chrX:66638547-66638910	166	185	-	13.0455	8.09e-06	0.00208	GAACATGCCTGGACGTGTCC
P53_HUMAN.H11MO.0.A		chr10:47396327-47396586	91	110	+	13	8.29e-06	0.00213	tatcttgcctgggcatgtcc
P53_HUMAN.H11MO.0.A		chr9:115944093-115944530	198	217	-	13	8.29e-06	0.00213	GTGCATGCCTGAACTTGTCT
P53_HUMAN.H11MO.0.A		chr6:108897476-108897675	109	128	+	12.9697	8.43e-06	0.00216	aggcaagcctggacttgctg
P53_HUMAN.H11MO.0.A		chr4:52051826-52052083	131	150	+	12.9242	8.64e-06	0.00221	GGACATGTGTGTACATGCCC
P53_HUMAN.H11MO.0.A		chr4:89681184-89681562	182	201	+	12.8636	8.92e-06	0.00228	ggctttgcctgggcatgccc
P53_HUMAN.H11MO.0.A		chr15:62262669-62262930	98	117	+	12.8333	9.06e-06	0.00229	ctacaagctgggacatgcct
P53_HUMAN.H11MO.0.A		chr1:248934531-248934765	88	107	-	12.8333	9.06e-06	0.00229	TCACTTGTCCTAGCTTGCTC
P53_HUMAN.H11MO.0.A		chr22:50796597-50796827	93	112	-	12.8333	9.06e-06	0.00229	TCACTTGTCCTAGCTTGCTC
P53_HUMAN.H11MO.0.A		chr21:46688698-46688932	108	127	-	12.8333	9.06e-06	0.00229	TCACTTGTCCTAGCTTGCTC
P53_HUMAN.H11MO.0.A		chr2:113614066-113614319	127	146	+	12.8333	9.06e-06	0.00229	TCACTTGTCCTAGCttgctc
P53_HUMAN.H11MO.0.A		chr19:58596869-58597099	135	154	-	12.8333	9.06e-06	0.00229	TCACTTGTCCTAGCTTGCTC
P53_HUMAN.H11MO.0.A		chr17:83237817-83238136	147	166	-	12.8333	9.06e-06	0.00229	TCACTTGTCCTAGCTTGCTC
P53_HUMAN.H11MO.0.A		chr2:119218359-119218658	128	147	+	12.803	9.21e-06	0.00232	GGGCATGCCAGAACATATCC
P53_HUMAN.H11MO.0.A		chr22:30245746-30246037	131	150	+	12.7727	9.36e-06	0.00235	CGACATGTCCTGGTTTGCCC
P53_HUMAN.H11MO.0.A		chr20:47377138-47377409	139	158	-	12.7576	9.43e-06	0.00237	TGGCATGTCTTGGCTTGTAG
P53_HUMAN.H11MO.0.A		chr3:153160651-153160924	95	114	-	12.7424	9.51e-06	0.00239	AGGGATGTCAAGACCTGTCT
P53_HUMAN.H11MO.0.A		chr1:233179707-233179892	50	69	+	12.7121	9.66e-06	0.00242	tggcttactcaagcatgtct
P53_HUMAN.H11MO.0.A		chr1:88801947-88802164	122	141	-	12.7121	9.66e-06	0.00242	TGGCTTACTCAAGCATGTCT
P53_HUMAN.H11MO.0.A		chr1:201468974-201469340	183	202	+	12.6667	9.9e-06	0.00247	GGATGTGCCCTTACATGTTC
P53_HUMAN.H11MO.0.A		chr19:53295151-53295350	106	125	+	12.6515	9.98e-06	0.00248	ctgcaagctgggacatgcct
P53_HUMAN.H11MO.0.A		chr6:150857167-150857532	170	189	+	12.6515	9.98e-06	0.00248	ctgcaagctgggacatgcct
P53_HUMAN.H11MO.0.A		chr12:124938559-124939143	178	197	-	12.6515	9.98e-06	0.00248	CTGCAAGCTGGGACATGCCT
P53_HUMAN.H11MO.0.A		chr17:39046708-39047039	178	197	-	12.6515	9.98e-06	0.00248	CTGCAAGCTGGGACATGCCT
P53_HUMAN.H11MO.0.A		chr5:174328688-174329021	158	177	+	12.5758	1.04e-05	0.00257	GGGCAAGCCTGGGCCTGTTT
P53_HUMAN.H11MO.0.A		chr6:115070941-115071197	113	132	+	12.5455	1.05e-05	0.0026	tgctgtgccctaacatgccc
P53_HUMAN.H11MO.0.A		chr10:127863216-127863493	129	148	+	12.5455	1.05e-05	0.0026	tgttgtgccctgacttgccc
P53_HUMAN.H11MO.0.A		chr14:103244085-103244370	135	154	-	12.5303	1.06e-05	0.00262	AGGCATGCCTGAACTTGCTA
P53_HUMAN.H11MO.0.A		chr11:65421165-65421498	155	174	+	12.5303	1.06e-05	0.00262	GAGCAAGCCTGGGCTTGCCA
P53_HUMAN.H11MO.0.A		chr3:153160651-153160924	95	114	+	12.5152	1.07e-05	0.00263	AGACAGGTCTTGACATCCCT
P53_HUMAN.H11MO.0.A		chr10:45438433-45438622	123	142	+	12.5152	1.07e-05	0.00263	GAGCATGTGGGGACATGTCA
P53_HUMAN.H11MO.0.A		chr15:80485505-80485708	86	105	-	12.5	1.08e-05	0.00265	GGGCATTCTCCAACCTGCCC
P53_HUMAN.H11MO.0.A		chr5:139232333-139232526	63	82	+	12.4848	1.09e-05	0.00266	gggcatgtgtgggcaagtct
P53_HUMAN.H11MO.0.A		chr9:92800321-92800651	166	185	-	12.4848	1.09e-05	0.00266	GGCTTTGCCTGGGCATGTCC
P53_HUMAN.H11MO.0.A		chr17:69607156-69607614	213	232	+	12.4545	1.11e-05	0.0027	CTGCATGTCAGAACATGCCC
P53_HUMAN.H11MO.0.A		chr19:6577520-6577730	64	83	+	12.3939	1.14e-05	0.00278	GGTCTTGTCTGGGCTTGTCT
P53_HUMAN.H11MO.0.A		chr9:136550420-136550772	163	182	-	12.3333	1.18e-05	0.00287	GGACTTGCCCGGGCAACTCA
P53_HUMAN.H11MO.0.A		chr5:174328688-174329021	179	198	+	12.3182	1.19e-05	0.00288	GGATATGTCTGGGCAGGTCC
P53_HUMAN.H11MO.0.A		chr2:56379122-56379354	113	132	-	12.2879	1.21e-05	0.00293	GTTCTTGCCTGGACATGTTC
P53_HUMAN.H11MO.0.A		chr8:144701956-144702187	67	86	+	12.2727	1.22e-05	0.00294	ctgcaagctgggacatgtct
P53_HUMAN.H11MO.0.A		chr4:33747109-33747344	105	124	-	12.2424	1.23e-05	0.00299	AGACATGCCCAAGCAGCTGC
P53_HUMAN.H11MO.0.A		chr11:28521175-28521379	100	119	+	12.1818	1.27e-05	0.00307	CAGCCAGttctgacatgtca
P53_HUMAN.H11MO.0.A		chr7:2170027-2170356	107	126	+	12.1818	1.27e-05	0.00307	CTGCATGCCAGGGCTTGTCC
P53_HUMAN.H11MO.0.A		chr12:75177982-75178265	141	160	-	12.1515	1.29e-05	0.00311	TTTCATGCCAGGACATGCCT
P53_HUMAN.H11MO.0.A		chr7:33287905-33288175	67	86	+	12.1212	1.31e-05	0.00314	agacatgcccacagctgcac
P53_HUMAN.H11MO.0.A		chr8:49110483-49110684	79	98	+	12.1212	1.31e-05	0.00314	agacatgcccacagctgcac
P53_HUMAN.H11MO.0.A		chr1:244735436-244735789	138	157	+	12.1212	1.31e-05	0.00314	agacatgcccacagctgcac
P53_HUMAN.H11MO.0.A		chr12:2004513-2004830	137	156	-	12.1212	1.31e-05	0.00314	GGGCAGGCCTGGGCTTGTCG
P53_HUMAN.H11MO.0.A		chr6:31390554-31390834	163	182	-	12.1212	1.31e-05	0.00314	AGACATGCCCACAGCTGCAC
P53_HUMAN.H11MO.0.A		chr6:31487429-31487743	203	222	-	12.1212	1.31e-05	0.00314	AGACATGCCCACAGCTGCAC
P53_HUMAN.H11MO.0.A		chr1:182643755-182644075	138	157	+	12.0909	1.34e-05	0.00318	AGCTCTGCCTAGACTTGCCT
P53_HUMAN.H11MO.0.A		chr8:66113485-66113788	141	160	+	12.0758	1.35e-05	0.0032	GAACGTGTCCGGGCAGGTTC
P53_HUMAN.H11MO.0.A		chr6:44685279-44685510	129	148	-	12.0758	1.35e-05	0.0032	AGACATGCCTGGACGTGTTT
P53_HUMAN.H11MO.0.A		chr16:89458521-89458821	106	125	-	12.0455	1.37e-05	0.00324	GAACATGTCTGAACTTGCCA
P53_HUMAN.H11MO.0.A		chr19:18364740-18365201	257	276	-	12.0152	1.39e-05	0.00329	CCTCCTGCTCAGACATGCCG
P53_HUMAN.H11MO.0.A		chr6:31337163-31337526	160	179	-	12	1.4e-05	0.00331	AGACATGTCCCAGCTCGCAG
P53_HUMAN.H11MO.0.A		chr16:83636990-83637217	74	93	+	11.8939	1.48e-05	0.00348	agacatgtctgttcatgtcc
P53_HUMAN.H11MO.0.A		chr1:204524899-204525221	147	166	-	11.8939	1.48e-05	0.00348	CAACATGTTGGAACATGTCT
P53_HUMAN.H11MO.0.A		chr17:15963839-15964036	95	114	+	11.8788	1.49e-05	0.0035	AGACATGTCTGAACTTGCTG
P53_HUMAN.H11MO.0.A		chr10:123538969-123539180	76	95	-	11.8485	1.51e-05	0.00355	CTACTTGCCTGGGCATGTTT
P53_HUMAN.H11MO.0.A		chr4:122798233-122798545	160	179	+	11.8485	1.51e-05	0.00355	GGGCATGTCAGGACTTGCAG
P53_HUMAN.H11MO.0.A		chr22:30245746-30246037	121	140	-	11.7879	1.56e-05	0.00365	GGACATGTCGGGACAGCTCC
P53_HUMAN.H11MO.0.A		chr14:103244085-103244370	155	174	+	11.697	1.63e-05	0.00382	aggcatattcagacaagctg
P53_HUMAN.H11MO.0.A		chr3:153160651-153160924	139	158	+	11.6818	1.64e-05	0.00384	GAACAAGTCGGGGCATCTCC
P53_HUMAN.H11MO.0.A		chr4:76781974-76782229	117	136	+	11.6515	1.67e-05	0.0039	GGGCATGTCACTACATGTTG
P53_HUMAN.H11MO.0.A		chr10:88260823-88261042	68	87	-	11.6061	1.71e-05	0.00398	GAACATGTCAGCACATGTTC
P53_HUMAN.H11MO.0.A		chr16:25553773-25554059	171	190	-	11.5606	1.75e-05	0.00407	AGACATGTCCACAGCTGCAC
P53_HUMAN.H11MO.0.A		chr19:9039771-9040002	101	120	+	11.5455	1.76e-05	0.00409	CAACATGTTTGGACTTGTCT
P53_HUMAN.H11MO.0.A		chr15:80485505-80485708	76	95	+	11.5152	1.79e-05	0.00415	ggacatgtctgggcaggttg
P53_HUMAN.H11MO.0.A		chr6:41846624-41846852	86	105	-	11.303	1.99e-05	0.0046	GGACATGAAAGGACATGCCA
P53_HUMAN.H11MO.0.A		chr1:112763149-112763337	111	130	+	11.303	1.99e-05	0.0046	GAACATGTCTGTGCATGTCA
P53_HUMAN.H11MO.0.A		chr10:45438433-45438622	133	152	-	11.197	2.1e-05	0.00484	AGACACTTTCTGACATGTCC
P53_HUMAN.H11MO.0.A		chr4:3436983-3437206	108	127	-	11.1515	2.14e-05	0.00493	CTACATGCCAGGGCCTGCCC
P53_HUMAN.H11MO.0.A		chr12:92973688-92973978	139	158	+	11.1515	2.14e-05	0.00493	gtgcatgttggaacttgcct
P53_HUMAN.H11MO.0.A		chr8:127795619-127796013	152	171	-	11.1515	2.14e-05	0.00493	GAACAAGTCTCAACTTGTCG
P53_HUMAN.H11MO.0.A		chr9:107738091-107738373	155	174	-	11.1212	2.18e-05	0.00499	GTTCCTGCCTGGGCATGCCT
P53_HUMAN.H11MO.0.A		chr15:80003187-80003456	166	185	-	11.1212	2.18e-05	0.00499	TGTTGTGCCCGGACTTGCCC
P53_HUMAN.H11MO.0.A		chrX:4710640-4710932	161	180	-	11.0152	2.29e-05	0.00525	TTGCATGTCTGGGCAAGTCA
P53_HUMAN.H11MO.0.A		chr12:120446186-120446482	151	170	+	11	2.31e-05	0.00528	CTTCATGTCCGTGCATGCCT
P53_HUMAN.H11MO.0.A		chr15:49625701-49625960	157	176	-	10.9394	2.38e-05	0.00543	TGTTGTGCCCTGACATGGCC
P53_HUMAN.H11MO.0.A		chr8:19041564-19041905	156	175	-	10.7273	2.64e-05	0.00602	GAACATGTCTGGACACATCC
P53_HUMAN.H11MO.0.A		chr3:159829583-159829907	133	152	+	10.697	2.68e-05	0.0061	attcatgcctgtgcatgccc
P53_HUMAN.H11MO.0.A		chr1:182643755-182644075	158	177	+	10.5909	2.82e-05	0.00641	GGACTTGCCCTGCCCTGGCT
P53_HUMAN.H11MO.0.A		chr17:50954263-50954517	157	176	-	10.5455	2.88e-05	0.00654	CTGCATGTCTGGGCTTGTCA
P53_HUMAN.H11MO.0.A		chr17:60529934-60530163	90	109	-	10.5152	2.92e-05	0.00663	GGGCTTGTTTGTACTTGTCC
P53_HUMAN.H11MO.0.A		chr6:31328673-31328933	133	152	+	10.4697	2.99e-05	0.00677	ctgcaagctgggacatgttt
P53_HUMAN.H11MO.0.A		chr11:65421165-65421498	249	268	+	10.4394	3.03e-05	0.00686	TGTCAGGCCCAGCCCTGCCT
P53_HUMAN.H11MO.0.A		chr11:62222948-62223161	77	96	-	10.3636	3.14e-05	0.0071	GGACATGTCTAAGCAGGATA
P53_HUMAN.H11MO.0.A		chr14:91509416-91509649	140	159	+	10.3485	3.17e-05	0.00714	TAGCCAGACGACACATGCCC
P53_HUMAN.H11MO.0.A		chr21:40130679-40130864	78	97	-	10.3182	3.21e-05	0.00724	GGACAAGTCTGTGCTTGTTC
P53_HUMAN.H11MO.0.A		chr19:19776608-19776799	40	59	-	10.303	3.24e-05	0.00727	GAGCATGCTAGGACATGTAA
P53_HUMAN.H11MO.0.A		chr1:223708128-223708394	133	152	-	10.303	3.24e-05	0.00727	TTGCAAGTCTGGGCATGCTG
P53_HUMAN.H11MO.0.A		chr19:47231262-47231566	58	77	+	10.2727	3.28e-05	0.00737	GGACAAGTCAGGACTTGCAG
P53_HUMAN.H11MO.0.A		chr1:67686673-67686916	112	131	-	10.2273	3.36e-05	0.00752	TGGCAGTCCCCAGCATGCTT
P53_HUMAN.H11MO.0.A		chr11:28521175-28521379	91	110	+	10.1061	3.56e-05	0.00794	GGACATGTCCAGCCAGttct
P53_HUMAN.H11MO.0.A		chr3:153160651-153160924	175	194	+	10.1061	3.56e-05	0.00794	GCGCCAGCCCAGCCAAGTCT
P53_HUMAN.H11MO.0.A		chr15:49625701-49625960	147	166	+	10.0606	3.63e-05	0.0081	ggacatgtttggccatgtca
P53_HUMAN.H11MO.0.A		chr17:77286133-77286364	109	128	-	10.0455	3.66e-05	0.00815	GCCCCTGCCTGGGCATGCCT
P53_HUMAN.H11MO.0.A		chr9:88519954-88520226	133	152	+	10.0152	3.71e-05	0.00825	gggcatgttggctcatgcct
P53_HUMAN.H11MO.0.A		chr12:122946833-122947058	177	196	-	9.95455	3.82e-05	0.00848	GCCCATGGCCAAACATGACT
P53_HUMAN.H11MO.0.A		chr9:84238731-84239107	178	197	-	9.89394	3.93e-05	0.00872	AGAATTGAGCAAACATGTCC
P53_HUMAN.H11MO.0.A		chr20:31678652-31678917	119	138	-	9.84848	4.01e-05	0.00888	GGACTTGTCTGGACTAGTTG
P53_HUMAN.H11MO.0.A		chr1:248934531-248934765	78	97	+	9.83333	4.04e-05	0.00888	aggcatgctggagcaaGCTA
P53_HUMAN.H11MO.0.A		chr22:50796597-50796827	83	102	+	9.83333	4.04e-05	0.00888	aggcatgctggagcaaGCTA
P53_HUMAN.H11MO.0.A		chr21:46688698-46688932	98	117	+	9.83333	4.04e-05	0.00888	aggcatgctggagcaaGCTA
P53_HUMAN.H11MO.0.A		chr19:58596869-58597099	125	144	+	9.83333	4.04e-05	0.00888	aggcatgctggagcaaGCTA
P53_HUMAN.H11MO.0.A		chr17:83237817-83238136	137	156	+	9.83333	4.04e-05	0.00888	aggcatgctggagcaaGCTA
P53_HUMAN.H11MO.0.A		chr2:113614066-113614319	137	156	-	9.83333	4.04e-05	0.00888	AGGCATGCTGGAGCAAGCTA
P53_HUMAN.H11MO.0.A		chr11:86335477-86335727	112	131	-	9.75758	4.19e-05	0.00919	CTGCGTGTTGGGACATGCCT
P53_HUMAN.H11MO.0.A		chrX:66638547-66638910	16	35	-	9.74242	4.22e-05	0.00924	GGGCAAGTCAGGGCTTGTGT
P53_HUMAN.H11MO.0.A		chr7:124246426-124246754	174	193	+	9.69697	4.31e-05	0.00943	GGACATGTTCTGGGAAGCTG
P53_HUMAN.H11MO.0.A		chr9:34072485-34072705	105	124	-	9.65152	4.4e-05	0.00962	GGGCATGTCAGGGCCTGCAG
P53_HUMAN.H11MO.0.A		chr19:19776608-19776799	50	69	+	9.51515	4.69e-05	0.0102	TAGCATGCTCAGCCAGGCGC
P53_HUMAN.H11MO.0.A		chr19:41860283-41860559	152	171	-	9.5	4.72e-05	0.0103	GGCGCTGACCGGGCATGTCC
P53_HUMAN.H11MO.0.A		chr5:28855742-28855927	87	106	+	9.45455	4.82e-05	0.0105	GAACATGTCtgtacttgttt
P53_HUMAN.H11MO.0.A		chr16:85365369-85365588	110	129	-	9.42424	4.89e-05	0.0106	GAACCTGTCTGTACTTGCCC
P53_HUMAN.H11MO.0.A		chr3:153160651-153160924	233	252	-	9.42424	4.89e-05	0.0106	GGGAGTGTCCAAGCTTGCTT
P53_HUMAN.H11MO.0.A		chr4:156771512-156771733	88	107	-	9.37879	4.99e-05	0.0108	AGACTTGCCCAGCCCTGGTA
P53_HUMAN.H11MO.0.A		chr8:106608584-106608783	115	134	-	9.34848	5.06e-05	0.011	AAGCATGTTTGGGCCTGTCA
P53_HUMAN.H11MO.0.A		chr15:92949970-92950237	146	165	+	9.31818	5.14e-05	0.0111	ggacatgtctgagcaggtta
P53_HUMAN.H11MO.0.A		chr1:212596426-212596706	137	156	+	9.28788	5.21e-05	0.0112	CTACATGTCAGGACATGTAA
P53_HUMAN.H11MO.0.A		chr1:182643755-182644075	196	215	-	9.28788	5.21e-05	0.0112	AGGCTTGCTCAGTCCTGGGC
P53_HUMAN.H11MO.0.A		chr5:41122569-41122795	94	113	+	9.25758	5.28e-05	0.0114	agacatgtgcatgcctggac
P53_HUMAN.H11MO.0.A		chr17:39046708-39047039	148	167	-	9.22727	5.35e-05	0.0115	AGGCATGTCTGGACAGACTT
P53_HUMAN.H11MO.0.A		chr17:57523991-57524330	184	203	-	9.21212	5.39e-05	0.0116	TTGCAAGTTCCTGCTTGTTC
P53_HUMAN.H11MO.0.A		chr9:133881144-133881478	168	187	+	9.15152	5.54e-05	0.0119	GAATGTGTCTGGACTTGCCC
P53_HUMAN.H11MO.0.A		chr11:119696451-119696717	17	36	-	9.12121	5.62e-05	0.012	GGATTTGCTTTGACCTGCTT
P53_HUMAN.H11MO.0.A		chr4_GL000008v2_random:170285-170491	115	134	+	9.06061	5.78e-05	0.0124	ggacatgcccacagcagacc
P53_HUMAN.H11MO.0.A		chr14:50600228-50600568	164	183	+	9.0303	5.86e-05	0.0125	AAACATGTTTGGACTTGTAA
P53_HUMAN.H11MO.0.A		chr6:20866812-20867036	76	95	+	9	5.94e-05	0.0127	GGACATGTTTCTACAAACCC
P53_HUMAN.H11MO.0.A		chr12:52176131-52176319	50	69	-	8.98485	5.98e-05	0.0127	CTGCATGTCTGAACACGTCT
P53_HUMAN.H11MO.0.A		chr11:119696451-119696717	100	119	-	8.98485	5.98e-05	0.0127	GGACATGTCAGGACAGGGCA
P53_HUMAN.H11MO.0.A		chr19:6577520-6577730	54	73	-	8.9697	6.02e-05	0.0128	AGACAAGACCAAGCTTTCTT
P53_HUMAN.H11MO.0.A		chr12:48602273-48602501	83	102	+	8.93939	6.1e-05	0.0129	tgccacaccctgacatgccc
P53_HUMAN.H11MO.0.A		chr13:23399397-23399624	60	79	-	8.92424	6.15e-05	0.013	GGGCATGTCAGGGCACGGCA
P53_HUMAN.H11MO.0.A		chr15:59165811-59166012	87	106	+	8.92424	6.15e-05	0.013	AAGCTTTCTTTGGCATGTCT
P53_HUMAN.H11MO.0.A		chr16:77991708-77992025	135	154	-	8.92424	6.15e-05	0.013	GGGCATGTCAGGGCACGGCA
P53_HUMAN.H11MO.0.A		chr3:179070026-179070348	152	171	+	8.87879	6.27e-05	0.0132	CCAATTGCCTAGGCATGTCT
P53_HUMAN.H11MO.0.A		chr4:89681184-89681562	192	211	+	8.87879	6.27e-05	0.0132	gggcatgcccacagcagacc
P53_HUMAN.H11MO.0.A		chr6:111483954-111484297	186	205	+	8.84848	6.36e-05	0.0134	GTACATGTAAGGACTTGTCA
P53_HUMAN.H11MO.0.A		chr5:139232333-139232526	14	33	+	8.81818	6.45e-05	0.0136	gggcaggtgtgggcaagtct
P53_HUMAN.H11MO.0.A		chr15:71364224-71364434	39	58	-	8.80303	6.49e-05	0.0136	AGACTTGCCCAGTGTTGCAA
P53_HUMAN.H11MO.0.A		chr2:37654155-37654344	101	120	-	8.74242	6.67e-05	0.014	GGACATGTTCCAGGTAGCCT
P53_HUMAN.H11MO.0.A		chr4:122798233-122798545	105	124	-	8.68182	6.85e-05	0.0144	GGGATTGCCCTAACAAGACT
P53_HUMAN.H11MO.0.A		chr1:182643755-182644075	138	157	-	8.66667	6.9e-05	0.0144	AGGCAAGTCTAGGCAGAGCT
P53_HUMAN.H11MO.0.A		chr2:88538394-88538609	79	98	-	8.56061	7.24e-05	0.0151	AGGCATGCCTGGATATGTAT
P53_HUMAN.H11MO.0.A		chr1:248934531-248934765	58	77	-	8.54545	7.28e-05	0.0151	GGACAGAACTAGACAAGCCC
P53_HUMAN.H11MO.0.A		chr22:50796597-50796827	63	82	-	8.54545	7.28e-05	0.0151	GGACAGAACTAGACAAGCCC
P53_HUMAN.H11MO.0.A		chr21:46688698-46688932	78	97	-	8.54545	7.28e-05	0.0151	GGACAGAACTAGACAAGCCC
P53_HUMAN.H11MO.0.A		chr19:58596869-58597099	105	124	-	8.54545	7.28e-05	0.0151	GGACAGAACTAGACAAGCCC
P53_HUMAN.H11MO.0.A		chr17:83237817-83238136	117	136	-	8.54545	7.28e-05	0.0151	GGACAGAACTAGACAAGCCC
P53_HUMAN.H11MO.0.A		chr2:113614066-113614319	157	176	+	8.54545	7.28e-05	0.0151	ggacagaactagacaagccc
P53_HUMAN.H11MO.0.A		chr15:33145605-33145911	112	131	+	8.51515	7.38e-05	0.0152	caaattatccagacatgccc
P53_HUMAN.H11MO.0.A		chr19:46133423-46133750	142	161	+	8.51515	7.38e-05	0.0152	atgcttgcttgggcctgttc
P53_HUMAN.H11MO.0.A		chr2:163953422-163953700	211	230	-	8.51515	7.38e-05	0.0152	GAACTTGCACAGGGAGGCTT
P53_HUMAN.H11MO.0.A		chr15:80003187-80003456	166	185	+	8.5	7.43e-05	0.0153	gggcaagtccgggcacaaca
P53_HUMAN.H11MO.0.A		chr9:112144803-112145114	238	257	-	8.39394	7.79e-05	0.016	TGTGTTGCCCAGGCCGGCCT
P53_HUMAN.H11MO.0.A		chr15:92949970-92950237	126	145	+	8.34848	7.95e-05	0.0163	ggaaatgcctgggcacgttc
P53_HUMAN.H11MO.0.A		chr17:60600187-60600399	64	83	-	8.30303	8.11e-05	0.0167	CGCGATGTCTGGACTTGTCC
P53_HUMAN.H11MO.0.A		chr14:45785321-45785683	148	167	+	8.19697	8.5e-05	0.0174	ggacatgcctacagctgtac
P53_HUMAN.H11MO.0.A		chr8:94657482-94657757	135	154	+	8.18182	8.56e-05	0.0175	AGACATGTTGGGACGTGTTA
P53_HUMAN.H11MO.0.A		chr6:31337163-31337526	160	179	+	8.18182	8.56e-05	0.0175	ctgcgagctgggacatgtct
P53_HUMAN.H11MO.0.A		chr1:181134675-181135463	584	603	-	8.16667	8.61e-05	0.0176	ATCCCTGCTCCGGCTCGCCT
P53_HUMAN.H11MO.0.A		chr3:179070026-179070348	152	171	-	8.13636	8.73e-05	0.0178	AGACATGCCTAGGCAATTGG
P53_HUMAN.H11MO.0.A		chr15:73165796-73166094	220	239	-	8.13636	8.73e-05	0.0178	GAACTTGCACAGGGAGGTTT
P53_HUMAN.H11MO.0.A		chr5:57835251-57835590	142	161	-	8	9.27e-05	0.0189	GGGCAAGCCCCAGCCTGGGA
P53_HUMAN.H11MO.0.A		chr14_GL000009v2_random:43140-43327	70	89	-	7.98485	9.33e-05	0.0189	GGACATGCCCACAGCAGACT
P53_HUMAN.H11MO.0.A		chrUn_KI270742v1:53206-53416	83	102	-	7.98485	9.33e-05	0.0189	GGACATGCCCACAGCAGACT
P53_HUMAN.H11MO.0.A		chr3_GL000221v1_random:22736-22930	109	128	-	7.98485	9.33e-05	0.0189	GGACATGCCCACAGCAGACT
P53_HUMAN.H11MO.0.A		chrX:132878258-132878477	166	185	-	7.93939	9.51e-05	0.0193	GGAGAATCTCCGACCTGCCC
P53_HUMAN.H11MO.0.A		chr16:20865805-20866162	90	109	+	7.92424	9.58e-05	0.0194	AGTCATATCAAGGCCTGTCC
P53_HUMAN.H11MO.0.A		chr19:46133423-46133750	162	181	+	7.90909	9.64e-05	0.0195	aggcatgccagggcaaatat
P53_HUMAN.H11MO.0.A		chr9:34072485-34072705	95	114	+	7.86364	9.83e-05	0.0198	AAACCAGTTCCTGCAGGCCC

# FIMO (Find Individual Motif Occurrences): Version 5.1.1 compiled on Mar  2 2020 at 11:18:47
# The format of this file is described at http://meme-suite.org/doc/fimo-output-format.html.
# fimo -max-stored-scores 1000000 --thresh 1e-4 -oc /scratch/Users/rusi2317/projects/mumerge_test_p53/processed_data/fimo_scans_whole_seq/MCF7_DMSO_TP53_peaks.narrowPeak -motif P53_HUMAN.H11MO.0.A /scratch/Users/rusi2317/projects/mumerge_test_p53/hocomoco/HOCOMOCOv11_core_HUMAN_mono_meme_format.meme /scratch/Users/rusi2317/projects/mumerge_test_p53/processed_data/chip_fasta/MCF7_DMSO_TP53_peaks.narrowPeak_whole_seq_macs.fa
